"","CHOW_BAS_1","CHOW_BAS_2","CHOW_BAS_3","CHOW_BAS_4","CHOW_BAS_5","CHOW_BAS_6","CHOW_BAS_7","CHOW_BAS_8","CHOW_BAS_9","CHOW_BAS_10","CHOW_BAS_11","CHOW_BAS_12","CHOW_INS_1","CHOW_INS_2","CHOW_INS_3","CHOW_INS_4","CHOW_INS_5","CHOW_INS_6","CHOW_INS_7","CHOW_INS_8","CHOW_INS_9","CHOW_INS_10","CHOW_INS_11","CHOW_INS_12","HFD_BAS_1","HFD_BAS_2","HFD_BAS_3","HFD_BAS_4","HFD_BAS_5","HFD_BAS_6","HFD_BAS_7","HFD_BAS_8","HFD_BAS_9","HFD_BAS_10","HFD_BAS_11","HFD_BAS_12","HFD_INS_1","HFD_INS_2","HFD_INS_3","HFD_INS_4","HFD_INS_5","HFD_INS_6","HFD_INS_7","HFD_INS_8","HFD_INS_9","HFD_INS_10","HFD_INS_11","HFD_INS_12","REV_BAS_1","REV_BAS_2","REV_BAS_3","REV_BAS_4","REV_BAS_5","REV_BAS_6","REV_BAS_7","REV_BAS_8","REV_BAS_9","REV_BAS_10","REV_BAS_11","REV_BAS_12","REV_INS_1","REV_INS_2","REV_INS_3","REV_INS_4","REV_INS_5","REV_INS_6","REV_INS_7","REV_INS_8","REV_INS_9","REV_INS_10","REV_INS_11","REV_INS_12"
"CHOW_BAS_1",1,0.879044513771864,0.845991677010124,0.841659255415159,0.862111028587405,0.829424285129277,0.838331068538093,0.845530455957227,0.847819979012536,0.835553040796893,0.870994182382901,0.819460667311881,0.89747595828433,0.864879233135746,0.841380109254315,0.838883883078775,0.821614085787036,0.841082851725684,0.836942252835848,0.842563529296189,0.840059202120503,0.840695892731047,0.831383372466675,0.818499427412866,0.858059907210153,0.871956059913881,0.844492848144645,0.840230722582506,0.864590138021461,0.839130014900485,0.826332833851441,0.804287979185023,0.805975746079619,0.849400880376363,0.851919440034971,0.820371862583328,0.865542474201736,0.848312108154219,0.833631579077177,0.827131104854122,0.829053764865301,0.830460784423849,0.782754932883295,0.800709675378604,0.805370406052855,0.816610547046334,0.820737395137753,0.812822681912625,0.885306154419487,0.882524760118728,0.845820010872685,0.845685749769729,0.839364740383163,0.826069400497965,0.806207765867928,0.809855819116703,0.842504373904677,0.82545679130965,0.832998208981046,0.806669250307372,0.872128744885643,0.862971911823879,0.812851880196246,0.806251640410667,0.81324474564842,0.84479943574099,0.825301154726691,0.789100594571651,0.846552950408462,0.813484029270059,0.829562193904624,0.827428874457064
"CHOW_BAS_2",0.879044513771864,1,0.901007169296719,0.880943060243705,0.875287115597304,0.85802856742387,0.894222738746872,0.849185380333055,0.877628856919502,0.872241757740953,0.877835282583046,0.867724364679084,0.868373829740358,0.924706075145796,0.902418599223651,0.881912870871396,0.827875042442838,0.882215172782577,0.879445308419518,0.844758144774049,0.874990359970114,0.887440908264889,0.856311080692433,0.859902855575267,0.820280886007647,0.907694962412846,0.897850024428671,0.880748210066699,0.871635035262211,0.879251555471217,0.88549899233421,0.829195710274782,0.841179039610758,0.900544088062404,0.861136911362447,0.860625330641393,0.868222999316635,0.878682628191358,0.879136100314681,0.879499740518477,0.859431379752044,0.881110708037265,0.826283443150883,0.806353922275926,0.837846414417304,0.864903335464345,0.809849267817069,0.853372283139831,0.90008322940626,0.891107649571648,0.907531615215909,0.898031644295795,0.848704219529237,0.862839875836708,0.845880932496476,0.826764123113254,0.863188227114015,0.875013519884174,0.849721167489881,0.850918241274147,0.873652512502835,0.906050491172032,0.862430224705007,0.853371886164415,0.846487704862794,0.827538706956586,0.872022777669977,0.801741564870266,0.879497072647029,0.875454532182539,0.860861811764414,0.867465821883964
"CHOW_BAS_3",0.845991677010124,0.901007169296719,1,0.923230573372851,0.886107931333237,0.889140678523827,0.908328648015817,0.872550048097446,0.882877633484466,0.894800853971229,0.880664976897564,0.89102319173172,0.829830690754972,0.904365869831993,0.898206421632426,0.900718719050841,0.847998337063062,0.873223703643594,0.918916113650254,0.868731820947801,0.881667987478411,0.906408671459229,0.874940354355974,0.881192358999755,0.812326026064412,0.882864259193014,0.908240988613093,0.923739366578844,0.872745813535272,0.884070478684748,0.896688669056675,0.835778708882885,0.845564608096203,0.888225578256322,0.866147650393029,0.870447152627979,0.844713977156993,0.846052260681338,0.908891442076422,0.904197918507494,0.850209700935929,0.891231534809402,0.8320484360579,0.808319239162298,0.850327067545611,0.858207113704695,0.808294647973223,0.871843647978749,0.868567202584929,0.871256255907943,0.901378190897997,0.90454715174421,0.843414380477921,0.874440876898098,0.859356555503059,0.821435950546662,0.856366680462596,0.880412533981314,0.850770028690444,0.857107203016078,0.855018173758407,0.885891924513413,0.90476998576419,0.891453887300304,0.85784344648974,0.830721245192236,0.86997988369248,0.794749322283484,0.886502417596917,0.88444229206839,0.881394075003444,0.884397241010348
"CHOW_BAS_4",0.841659255415159,0.880943060243705,0.923230573372851,1,0.877680759052234,0.886405764896348,0.916122151386518,0.863388420676123,0.882473413022472,0.88619863812302,0.874935401115785,0.893503585278921,0.828649402185985,0.890796148407411,0.902921661247864,0.920487486035721,0.853703671031223,0.876226650454381,0.902872757780061,0.852036801436653,0.877389633333166,0.902635718371335,0.867886836960954,0.872759884868328,0.824694891026751,0.880544596182233,0.901807913843367,0.925277864518145,0.865241417296354,0.886287873592868,0.8937786519844,0.824147117731931,0.835992828579262,0.886582144843328,0.862998877595057,0.876404477913735,0.829177554871501,0.840086974868859,0.918960139632242,0.928826399464421,0.839964877930751,0.882276757879464,0.83381247037662,0.803556089475278,0.845526828144265,0.854568685408558,0.800962605156139,0.859947134651265,0.856484577988596,0.858521508490919,0.907923808519283,0.916334294583701,0.822757512011517,0.870197448088463,0.863814934322891,0.819402126774863,0.849850372116468,0.868024674633807,0.842518446569046,0.853587248841013,0.845293919912983,0.888797492203432,0.905769542958169,0.90608468408427,0.848932809340746,0.81568370721304,0.876677437546644,0.793448533568388,0.886511205448381,0.878766846852013,0.87167829749923,0.88293068401458
"CHOW_BAS_5",0.862111028587405,0.875287115597304,0.886107931333237,0.877680759052234,1,0.896879023155714,0.900313833999078,0.893172296013973,0.896391749957508,0.883563434140236,0.898034542890984,0.872171719908955,0.85241035492808,0.872050782858116,0.87561730276204,0.874318524467365,0.857815306153779,0.878100522183863,0.882127660238217,0.887819298732149,0.875447114952053,0.893293289589357,0.88195603133535,0.871073819084337,0.82398144008078,0.861984089246248,0.8797354511352,0.878447788223968,0.91219682358506,0.869316946703039,0.882337155514248,0.857093942141638,0.839961278537631,0.889782049146774,0.881999785105315,0.850111071884351,0.852133909800625,0.855174457630362,0.8676859976495,0.861018379290883,0.878285336081483,0.879020008765656,0.818507356807,0.82595284964808,0.857556544351579,0.848401153648917,0.837725652725898,0.869256249354584,0.880396595626992,0.884754832088113,0.884225943559036,0.87301479357403,0.872200501680877,0.886542037412157,0.844902009638457,0.847173115804066,0.877433322513706,0.862527992129614,0.868279559717093,0.858634246052712,0.8654802409472,0.889292826219055,0.874348012691997,0.861080187927522,0.854661933414607,0.863159189573914,0.867282135219305,0.832537152062461,0.884616341262138,0.881092977568856,0.868279707186071,0.861465623184276
"CHOW_BAS_6",0.829424285129277,0.85802856742387,0.889140678523827,0.886405764896348,0.896879023155714,1,0.899456113418086,0.884981826173986,0.896261318402911,0.877220074934258,0.886649541006944,0.875828806586157,0.832487480339852,0.877394320393785,0.880029910545833,0.88783051034566,0.87688367420249,0.892778324057209,0.878581982528888,0.874229210484021,0.890441634718883,0.887024398186056,0.880487214826835,0.890235377933915,0.807835774174456,0.861878180878967,0.88876987028009,0.883108648962787,0.883574791725933,0.87652299996741,0.890789415628554,0.855027265042926,0.854192894068308,0.88325016194342,0.875347491027732,0.872017432340642,0.835484365479579,0.846367675435225,0.88182617273158,0.871023350626645,0.860061249748755,0.89776186024935,0.840806377863249,0.820027897990865,0.867550137358433,0.847305276401237,0.832025744192909,0.881599650566393,0.856738151094766,0.867960466538567,0.889783051509269,0.886535291047634,0.858586465032636,0.905995775042201,0.865078852516223,0.848159152951569,0.878319477033987,0.862560014356878,0.867406544967389,0.875132714586589,0.857428015526329,0.883363466919375,0.895453496602073,0.873326423520253,0.883835150391377,0.852332746898749,0.881794145887203,0.835678793483395,0.885246674361773,0.890905107191904,0.88348897327628,0.885651018462125
"CHOW_BAS_7",0.838331068538093,0.894222738746872,0.908328648015817,0.916122151386518,0.900313833999078,0.899456113418086,1,0.888004622638508,0.89885225907304,0.916551328620763,0.891070305167816,0.905628929927044,0.826616231565565,0.890294183015326,0.918631965675763,0.920195564273485,0.856099589275227,0.877979927023107,0.899686443276636,0.877133808576139,0.897052109328725,0.928599571336553,0.886183850279298,0.89198642744765,0.806831929401608,0.865244996910473,0.908115136495123,0.912109066602074,0.878444113638283,0.901283664395399,0.922995797263128,0.86621679173631,0.877447109861539,0.913328966550997,0.877493512727811,0.899775646178381,0.83770030548879,0.849355229478482,0.915526698675413,0.903709216351393,0.873116304260481,0.911310808715895,0.866130714399412,0.837571902804573,0.879601066227757,0.882811217244566,0.833519758382577,0.888226924546029,0.866433214747746,0.863496242687375,0.921839822223115,0.916602091091453,0.858270411996984,0.893026645100433,0.902713902845417,0.851410031977059,0.887622286847555,0.894295260283232,0.865969335187293,0.889702280742485,0.85075837044424,0.882507793587294,0.907265341856601,0.902642865510599,0.880843770929215,0.847532746342988,0.907645238054416,0.818171296342514,0.905339098737202,0.914455739362002,0.895022939060275,0.891285741990406
"CHOW_BAS_8",0.845530455957227,0.849185380333055,0.872550048097446,0.863388420676123,0.893172296013973,0.884981826173986,0.888004622638508,1,0.895338673299235,0.899716965542711,0.889164379492761,0.871473920997379,0.821919745949038,0.85609693018067,0.851933622304264,0.859980983074772,0.865242603023467,0.848829895192204,0.855706719772799,0.900261430542316,0.891276776964295,0.880438139859008,0.881364183167638,0.868573090494499,0.81608140111023,0.843500279161215,0.85144606519993,0.854985588027053,0.888365801177233,0.848194312104616,0.873134138521915,0.862157741244454,0.862108108235229,0.876422411426722,0.888838732744763,0.856493434898124,0.830179648331665,0.830073815508337,0.859878657455226,0.842131737984052,0.840749049103427,0.86114433991601,0.844425252470255,0.858188250938724,0.860186486377437,0.845067364582345,0.833417386406664,0.865069833745372,0.846190440854181,0.842746718810875,0.856591126717994,0.86064858086273,0.85418279287941,0.878904443495982,0.869702576917448,0.86381908363829,0.885452063440511,0.885570251652514,0.854287615376752,0.85083009256487,0.837713760190381,0.859684643672802,0.862015732050024,0.847881522897264,0.855099220352717,0.863565125138395,0.860174434209266,0.8487693376377,0.888273295543069,0.887577543713333,0.867736281645308,0.87233913678787
"CHOW_BAS_9",0.847819979012536,0.877628856919502,0.882877633484466,0.882473413022472,0.896391749957508,0.896261318402911,0.89885225907304,0.895338673299235,1,0.892252381433695,0.878786256643648,0.88922286750397,0.81669256568191,0.877920680282485,0.882604025726235,0.879693527231328,0.857069407986444,0.872314615351717,0.873845906405139,0.89155270515547,0.917309893018338,0.900372349929363,0.872966791690883,0.876645045159136,0.806253247196605,0.854487672632751,0.874507459124276,0.869756018858909,0.882340612729625,0.881795141032247,0.895099145766405,0.860089372416686,0.864419057094675,0.905065529219365,0.885699993107546,0.866732132765428,0.845983234547448,0.84041041564593,0.87175805634188,0.86461280334368,0.856713221266452,0.889481868386603,0.848223801292348,0.844216757762544,0.885914686993502,0.878882131488386,0.83918362496687,0.871196004764568,0.860493814870632,0.859276334157162,0.882800023567954,0.887606498399868,0.853591581005589,0.900787076975636,0.875163678701834,0.852297667820294,0.883239935759268,0.892158947094661,0.868661384355082,0.863428528870031,0.846224030467886,0.879429159387727,0.873381834260744,0.86308034992654,0.863419397230658,0.837295231198042,0.867541523859962,0.821054106289436,0.896151949309755,0.884169869331267,0.881918105339767,0.870063031991588
"CHOW_BAS_10",0.835553040796893,0.872241757740953,0.894800853971229,0.88619863812302,0.883563434140236,0.877220074934258,0.916551328620763,0.899716965542711,0.892252381433695,1,0.873229925518314,0.889478861621851,0.813361903293339,0.877603116812317,0.88335543513667,0.882100647697338,0.84673061017341,0.852933718523832,0.855510722305852,0.873844901390749,0.890849413162768,0.914852623062194,0.866448798529026,0.861670860867996,0.803222549513067,0.851839159340492,0.87925816055858,0.881602549513374,0.87344851838962,0.870497177682295,0.899661306255232,0.853837713164544,0.863075512276555,0.89839706469571,0.869659213017022,0.878301651479448,0.82411742400076,0.831741272740829,0.886457333240967,0.864540745675315,0.830606789403865,0.877062293861253,0.868455294804353,0.843432237336135,0.866941648220685,0.882056059347706,0.822701990359361,0.861960794548609,0.848553977187619,0.841632151744054,0.889648563636287,0.88559101604616,0.835677934023923,0.888298638504079,0.899475549714747,0.847645917921114,0.867438529375873,0.918950586768941,0.844881933188129,0.874241565968074,0.831998599570658,0.868518833748329,0.883933903514894,0.87536819022695,0.857558878465059,0.833942275124516,0.880497875363692,0.812586634299303,0.895564382308916,0.903117937486733,0.87847921724347,0.881312278124539
"CHOW_BAS_11",0.870994182382901,0.877835282583046,0.880664976897564,0.874935401115785,0.898034542890984,0.886649541006944,0.891070305167816,0.889164379492761,0.878786256643648,0.873229925518314,1,0.868544677471356,0.848461432923593,0.882802513682009,0.869481212956732,0.864631539265933,0.861223352190438,0.865752852809028,0.866958248777258,0.881495240933626,0.884328329531453,0.888426142612623,0.895875332678461,0.878275043906547,0.838242826380765,0.866030839541077,0.86685451972099,0.875837871048518,0.897507714266977,0.87550221171117,0.879822203474671,0.854991368763318,0.843595599688605,0.882672469146666,0.905234590988911,0.862222372965564,0.850651380119884,0.855488457629388,0.875400445982961,0.861404901384478,0.865312309556826,0.868865267124104,0.814981861951893,0.822710702404717,0.850876000007947,0.841800919384551,0.851051107812083,0.876265841750592,0.885856929804639,0.886757176058407,0.888646856037195,0.870784878995479,0.864610765083738,0.874693566122058,0.848170241374727,0.846577833964247,0.883233336165579,0.871474208710597,0.881549839891286,0.86534403623775,0.874873620820211,0.89239245442026,0.866221234057201,0.86136294097972,0.852377875870465,0.87662141157924,0.866466992241352,0.844485801251015,0.881048186026044,0.885023297809655,0.879018769117366,0.870366990062774
"CHOW_BAS_12",0.819460667311881,0.867724364679084,0.89102319173172,0.893503585278921,0.872171719908955,0.875828806586157,0.905628929927044,0.871473920997379,0.88922286750397,0.889478861621851,0.868544677471356,1,0.790628014256485,0.863269000806862,0.883871882687308,0.879442344751122,0.834446679464467,0.85150443954413,0.87481301535025,0.850872691208773,0.872176826866584,0.901491826525012,0.85855278738267,0.881004377814013,0.769661805891921,0.850740370769841,0.885353387643369,0.893332593900482,0.855381972580121,0.873625811287811,0.890110677375112,0.829560506711103,0.840039554885843,0.885896296836111,0.859761033516821,0.883738467096889,0.802827648456366,0.823450164065779,0.876185664614993,0.883753934274677,0.840222825430874,0.877316999313603,0.836030926139705,0.818925338361191,0.849785142173513,0.844488321155546,0.811563551375659,0.875864085618688,0.842515004031943,0.832619162269927,0.879851945699967,0.887465607017453,0.828448687713818,0.880363323721163,0.86200194755022,0.823677357206041,0.854331964892185,0.885803154252491,0.84224882005002,0.875057683256614,0.823439266113458,0.852445052684438,0.885826225962265,0.87840770997265,0.856695583489022,0.806549419230793,0.866659361813542,0.786747604867004,0.883632659380285,0.887793571281504,0.863108124169235,0.886192767907771
"CHOW_INS_1",0.89747595828433,0.868373829740358,0.829830690754972,0.828649402185985,0.85241035492808,0.832487480339852,0.826616231565565,0.821919745949038,0.81669256568191,0.813361903293339,0.848461432923593,0.790628014256485,1,0.872028275910733,0.846454092149767,0.845847386731819,0.819371502000012,0.865382993215904,0.836851013076321,0.835426066409523,0.832184894965377,0.82880509293449,0.835434614485027,0.819976156170832,0.853110019722869,0.860941254213703,0.845660655518252,0.83391147124763,0.853595651794567,0.829586933099559,0.82912824340999,0.811306918350595,0.792376973787121,0.839862513293504,0.841775278065166,0.805664827400259,0.883666504308018,0.87034873694111,0.833680715284223,0.835157038911195,0.838444526732862,0.837063959118631,0.775389873931539,0.78566710114865,0.813468688779064,0.814537744563279,0.824746327197824,0.822188869394953,0.885286083593816,0.882813074124806,0.850318004358511,0.839130164189628,0.843522180559927,0.822550005850242,0.794440933949542,0.806051724520113,0.826883233487777,0.798967277606571,0.82891477981013,0.810240100430966,0.878122964542216,0.875615993054252,0.818164136691516,0.806028606573893,0.820755846854154,0.852904198990496,0.838886825248528,0.821126771385777,0.838960626332725,0.82043588254336,0.820286788477218,0.81972691375442
"CHOW_INS_2",0.864879233135746,0.924706075145796,0.904365869831993,0.890796148407411,0.872050782858116,0.877394320393785,0.890294183015326,0.85609693018067,0.877920680282485,0.877603116812317,0.882802513682009,0.863269000806862,0.872028275910733,1,0.920030564967075,0.896398370030868,0.868599845012246,0.896359631286822,0.88787844065189,0.86447335472395,0.883688871605939,0.895181960630212,0.877129839525649,0.874162358675095,0.827039772662337,0.902009118554963,0.899063791771324,0.889511552989331,0.878397348451468,0.882069597593206,0.8857504786434,0.841913510855612,0.849725086141666,0.895929211119178,0.86915899610579,0.866990665196829,0.895304963361785,0.896068705306373,0.899461887251903,0.892639918985843,0.869910361175484,0.893957402999025,0.83958627028518,0.813069378576737,0.861397886042421,0.872764422661797,0.82554928549231,0.866986926551565,0.892725919581881,0.901420301843026,0.91041689279758,0.894349696614196,0.855846171354879,0.873828349116406,0.859188893140411,0.832535589824592,0.86230581169118,0.867992817830513,0.859969836583272,0.866758163043413,0.89436546399286,0.918463694169071,0.879020670702699,0.87730422148481,0.871417977936924,0.852827345832355,0.892689504610057,0.825444917943806,0.893965008908538,0.887700045713976,0.875459404984729,0.880372658142479
"CHOW_INS_3",0.841380109254315,0.902418599223651,0.898206421632426,0.902921661247864,0.87561730276204,0.880029910545833,0.918631965675763,0.851933622304264,0.882604025726235,0.88335543513667,0.869481212956732,0.883871882687308,0.846454092149767,0.920030564967075,1,0.92447007165933,0.84409149260078,0.897436300856338,0.893270168753568,0.855198045342451,0.882536069875886,0.913204130812223,0.876106058415682,0.884087654025521,0.805284441991332,0.880175627508208,0.914577731533152,0.909026126108467,0.86994374803728,0.898716880488121,0.904307420344756,0.837159928343644,0.846103146854955,0.903643441089924,0.865721811706907,0.876814398388762,0.863221708312519,0.872813215119371,0.910724246618841,0.9089752342566,0.878360287899955,0.90310333958388,0.842553639950003,0.798727129715376,0.863214126548101,0.881998379373252,0.816283426618536,0.877297314065796,0.880686333054364,0.882090948360064,0.931166131393226,0.923525089374514,0.846984648983915,0.885206037943885,0.864204326407777,0.82458811579342,0.854657003228627,0.865141900349176,0.854267882994862,0.885684758321123,0.868697118270369,0.906199451286207,0.897779629434482,0.906008008914149,0.871490463212423,0.842144107651019,0.896114939574553,0.807858314238356,0.898022427364789,0.89098524756091,0.882594970201251,0.886594003803141
"CHOW_INS_4",0.838883883078775,0.881912870871396,0.900718719050841,0.920487486035721,0.874318524467365,0.88783051034566,0.920195564273485,0.859980983074772,0.879693527231328,0.882100647697338,0.864631539265933,0.879442344751122,0.845847386731819,0.896398370030868,0.92447007165933,1,0.857901112262787,0.887402142099484,0.887302235874518,0.852553660037168,0.880146954753346,0.906451331000006,0.876556989666732,0.877569912080502,0.809114758876913,0.867705850859343,0.90444193692316,0.911494051447344,0.854045303492058,0.887244266250141,0.904666046225282,0.839894133038342,0.848322753051911,0.886215523395335,0.865046642852165,0.873295960206277,0.846783063667253,0.855020151615424,0.918047760588681,0.923420768661963,0.863496040231267,0.896007015977749,0.845107081540914,0.812857165065673,0.864274330009287,0.873957223794342,0.820080936825415,0.87338258990857,0.862508591555355,0.866255602844808,0.915148716265536,0.921042784513116,0.836124542628655,0.879329898685551,0.865926007044343,0.823854143047603,0.858859212018312,0.863999491641474,0.853215158842076,0.873116724468819,0.861553621567841,0.891498600737152,0.904620897042064,0.916228298697645,0.8655586998595,0.830910358534531,0.893448842836499,0.816053194080356,0.889636858445526,0.89059338136341,0.87149699749523,0.89450232455516
"CHOW_INS_5",0.821614085787036,0.827875042442838,0.847998337063062,0.853703671031223,0.857815306153779,0.87688367420249,0.856099589275227,0.865242603023467,0.857069407986444,0.84673061017341,0.861223352190438,0.834446679464467,0.819371502000012,0.868599845012246,0.84409149260078,0.857901112262787,1,0.872695348559266,0.841331992367247,0.865638777885995,0.862074970364239,0.863958205427625,0.882155911482347,0.856397557478846,0.822232567536655,0.836751040461524,0.848983797276383,0.853158065370739,0.849339415991966,0.834087659550329,0.852227111395374,0.855019515099577,0.852483867723829,0.844324530494527,0.872570094679358,0.868010869314847,0.85024709866458,0.843437312899378,0.856872305463813,0.83730113777526,0.84219816059353,0.860538781871356,0.847923115156813,0.851540064332983,0.866963327883758,0.843697617001071,0.836716079384578,0.857858712888997,0.832698432594321,0.842324554513782,0.854447848772308,0.83575132530718,0.838281260342225,0.874378467009103,0.859133658901289,0.852240834508306,0.878608438857125,0.860469862207826,0.845273568785727,0.852454556004422,0.861456581106971,0.850668588355625,0.873433408707062,0.839800325602093,0.868648028812128,0.852787981340116,0.884095061734972,0.841542724232632,0.876221757406515,0.859197721977735,0.860472152811947,0.870119593122006
"CHOW_INS_6",0.841082851725684,0.882215172782577,0.873223703643594,0.876226650454381,0.878100522183863,0.892778324057209,0.877979927023107,0.848829895192204,0.872314615351717,0.852933718523832,0.865752852809028,0.85150443954413,0.865382993215904,0.896359631286822,0.897436300856338,0.887402142099484,0.872695348559266,1,0.89268996112128,0.85785550803376,0.88193213184408,0.87943575445912,0.86886811449079,0.884618933031781,0.822456214160752,0.884688037403948,0.892577434045294,0.883878113337782,0.870081507008654,0.887943938718784,0.872394637251848,0.861383255627923,0.855431322406353,0.891640157205447,0.862904302032412,0.865384927700102,0.884358468559498,0.894912570229482,0.875032801996479,0.885439828888805,0.897627799590965,0.90567599028034,0.827603441142786,0.819108472592449,0.869783986370846,0.86828563741684,0.833684054536643,0.877422041514116,0.87669533562633,0.889525351696736,0.901529261667835,0.889834629896321,0.868119757635051,0.88044355948496,0.839684114407626,0.839403793926113,0.869470897006633,0.846350516209828,0.87469662716515,0.870294646950035,0.875273417383232,0.903904563744743,0.866435606470899,0.86709156310603,0.884262307156952,0.843431084711834,0.879294760819919,0.84047351439158,0.886850362080216,0.874587509044871,0.874569382934732,0.867310903779044
"CHOW_INS_7",0.836942252835848,0.879445308419518,0.918916113650254,0.902872757780061,0.882127660238217,0.878581982528888,0.899686443276636,0.855706719772799,0.873845906405139,0.855510722305852,0.866958248777258,0.87481301535025,0.836851013076321,0.88787844065189,0.893270168753568,0.887302235874518,0.841331992367247,0.89268996112128,1,0.859931787060504,0.891308310563937,0.895656528578004,0.875706246816484,0.884705051575801,0.805434990812892,0.87281876361165,0.890680084769572,0.905647313355037,0.862953301282341,0.881086663496213,0.891537744139925,0.823488899471825,0.838496774778809,0.887514073081251,0.857579474340286,0.860753505461461,0.846724628753325,0.852727982838497,0.893193318849789,0.893285065153271,0.874056418486132,0.893622943988455,0.823760701436271,0.803292481058908,0.855080756532979,0.855015829805472,0.808256505158073,0.879418966150704,0.851470138534839,0.865073743072852,0.890884839088746,0.888328159147101,0.835101087038018,0.858283851850435,0.844610444579245,0.826763791661234,0.857139104449621,0.851072928582796,0.840014277507433,0.854929628056321,0.8499635210644,0.894704648266755,0.883168919591564,0.881273678993662,0.857855808004427,0.827419504196816,0.870343579802444,0.810776909208238,0.878534878740333,0.879101182643036,0.865734205682351,0.881773237721884
"CHOW_INS_8",0.842563529296189,0.844758144774049,0.868731820947801,0.852036801436653,0.887819298732149,0.874229210484021,0.877133808576139,0.900261430542316,0.89155270515547,0.873844901390749,0.881495240933626,0.850872691208773,0.835426066409523,0.86447335472395,0.855198045342451,0.852553660037168,0.865638777885995,0.85785550803376,0.859931787060504,1,0.888303071451431,0.88318316959028,0.873432301062455,0.865142110157707,0.809185752187041,0.836699063334776,0.843746810866464,0.851037667151244,0.889317566681416,0.85306420705803,0.859879373240624,0.852168057387883,0.846049032984501,0.868092164020693,0.878125952389187,0.848907134794824,0.833748282306931,0.832050978328607,0.865939941454208,0.845785800279205,0.852000708602787,0.863423866222252,0.833874212379725,0.856786189975964,0.868762372283757,0.853301447797383,0.84126450813149,0.858784457772217,0.850883430120873,0.844643802527456,0.860066543226926,0.858284843779356,0.87586746985721,0.874689356373578,0.863124007768658,0.857874536552154,0.872832954909283,0.876303066277398,0.858847189769575,0.846111091897807,0.857232850577286,0.864216370438571,0.869572544213788,0.860686423909728,0.855414478963368,0.879653207499944,0.86013295611146,0.862305868075321,0.883971546763198,0.873176113132245,0.879565002410981,0.875317338316544
"CHOW_INS_9",0.840059202120503,0.874990359970114,0.881667987478411,0.877389633333166,0.875447114952053,0.890441634718883,0.897052109328725,0.891276776964295,0.917309893018338,0.890849413162768,0.884328329531453,0.872176826866584,0.832184894965377,0.883688871605939,0.882536069875886,0.880146954753346,0.862074970364239,0.88193213184408,0.891308310563937,0.888303071451431,1,0.898306082698146,0.882652941003061,0.871925906086053,0.813858637039646,0.856217837370768,0.868361127079952,0.864704970655779,0.880881590975509,0.875805228487843,0.896980394314015,0.836405803887348,0.862319783058738,0.894124514417469,0.876521864411378,0.862602042519602,0.861084862856164,0.843193264330909,0.877057241535513,0.870097369286573,0.858063637515085,0.892062971312043,0.844702090264737,0.830936815331534,0.884657043631448,0.874610681194085,0.824225607339421,0.868578205846748,0.862486513656883,0.8632764486929,0.885817818430484,0.881031348605621,0.84743737081048,0.887666812948069,0.859389090949781,0.84642057728663,0.871289815565671,0.873257092409535,0.850977348304211,0.85151709151666,0.860678774586814,0.884582931917694,0.87743123765195,0.871724710683866,0.86734286076075,0.846295948224525,0.870562895939676,0.840950281183236,0.905434405029506,0.888118251810804,0.877972376692528,0.876879834034267
"CHOW_INS_10",0.840695892731047,0.887440908264889,0.906408671459229,0.902635718371335,0.893293289589357,0.887024398186056,0.928599571336553,0.880438139859008,0.900372349929363,0.914852623062194,0.888426142612623,0.901491826525012,0.82880509293449,0.895181960630212,0.913204130812223,0.906451331000006,0.863958205427625,0.87943575445912,0.895656528578004,0.88318316959028,0.898306082698146,1,0.887054047535993,0.891362351598902,0.80745512157323,0.859639510344571,0.898752228088629,0.894142449167861,0.887452986152331,0.897583488175243,0.9093368755604,0.849270486609818,0.867197683980303,0.91101015608214,0.881419450879502,0.882306598324511,0.842833970562147,0.849700626381264,0.908903041647167,0.89458029510457,0.876078555348717,0.897261366211907,0.864697599041401,0.833244139020815,0.878542093646428,0.892371266899756,0.834680831578989,0.88224021042257,0.866681958446266,0.859386987782586,0.906672758702803,0.900530678174543,0.850456593181239,0.888773489804552,0.888217876720581,0.844387320645729,0.876317029401572,0.897426905953359,0.861599879486617,0.877377340452674,0.857298493514801,0.889129010930372,0.905154218563055,0.894951225959519,0.866917328180268,0.851031816670582,0.894427735345267,0.82982533447401,0.911283862637411,0.910714980112397,0.894472450019774,0.896572191535464
"CHOW_INS_11",0.831383372466675,0.856311080692433,0.874940354355974,0.867886836960954,0.88195603133535,0.880487214826835,0.886183850279298,0.881364183167638,0.872966791690883,0.866448798529026,0.895875332678461,0.85855278738267,0.835434614485027,0.877129839525649,0.876106058415682,0.876556989666732,0.882155911482347,0.86886811449079,0.875706246816484,0.873432301062455,0.882652941003061,0.887054047535993,1,0.905281139771584,0.799884141138762,0.849551984133832,0.869244794509818,0.868223553535974,0.866358593479297,0.856237185939983,0.878112502905655,0.846682215102089,0.851490627374582,0.872564667257858,0.886955224480399,0.86973247215696,0.85025050829423,0.851099789775144,0.881952874176173,0.86089291077781,0.863618729178339,0.875690667323132,0.823858928338091,0.821867910574332,0.863413622909411,0.84809756099311,0.839903877174751,0.89160133615829,0.85342790166314,0.874086782417151,0.880813007321106,0.870867561814599,0.854141009332327,0.872042847040216,0.845938872351616,0.844885840245326,0.883423618663544,0.863389563163257,0.879059149433377,0.87510405413871,0.85953975389441,0.892145837056805,0.87891042011227,0.873050459801723,0.875404167338498,0.86138502386457,0.874410956593882,0.85778156261202,0.894579684782836,0.890512183625341,0.894559820811948,0.894189432611438
"CHOW_INS_12",0.818499427412866,0.859902855575267,0.881192358999755,0.872759884868328,0.871073819084337,0.890235377933915,0.89198642744765,0.868573090494499,0.876645045159136,0.861670860867996,0.878275043906547,0.881004377814013,0.819976156170832,0.874162358675095,0.884087654025521,0.877569912080502,0.856397557478846,0.884618933031781,0.884705051575801,0.865142110157707,0.871925906086053,0.891362351598902,0.905281139771584,1,0.786610305923416,0.851159641937627,0.87270720550822,0.879874027656752,0.8632316323606,0.880264073359213,0.884395699119643,0.861906344455069,0.876489777732213,0.889810280402073,0.882257314745147,0.887210902434145,0.838935519815235,0.85778249540547,0.877335597062996,0.873136416751123,0.88044045048523,0.892560203780269,0.846450834542763,0.832059823567512,0.881895061381632,0.867937479367371,0.845120884133009,0.915486484208269,0.846673804138531,0.858164448885612,0.888003862563941,0.885817192201247,0.864923279589401,0.8832807422624,0.862099891508805,0.857237166477317,0.887144474702641,0.862953055668315,0.881990379668406,0.893551227842773,0.852987532310876,0.878668974149481,0.884427457773868,0.883334026988138,0.890404214108958,0.842433057760322,0.891337041572583,0.843958467637268,0.886998478091623,0.895512525893245,0.887705454917536,0.89672625299547
"HFD_BAS_1",0.858059907210153,0.820280886007647,0.812326026064412,0.824694891026751,0.82398144008078,0.807835774174456,0.806831929401608,0.81608140111023,0.806253247196605,0.803222549513067,0.838242826380765,0.769661805891921,0.853110019722869,0.827039772662337,0.805284441991332,0.809114758876913,0.822232567536655,0.822456214160752,0.805434990812892,0.809185752187041,0.813858637039646,0.80745512157323,0.799884141138762,0.786610305923416,1,0.851749231755552,0.817424264762463,0.818001498502035,0.830241960886835,0.81787395723902,0.807656951090552,0.803328890280924,0.805971980873653,0.828236356203181,0.823730262108832,0.804616657232593,0.854767934206437,0.83857204624084,0.812279058110382,0.806136422891829,0.808647744880333,0.809401976473041,0.803787803955943,0.807724354626411,0.807429330261783,0.811828669648448,0.824930588114704,0.794794752089598,0.855233623138908,0.840110657801233,0.823644182560542,0.809586758888734,0.805766755474953,0.799435427119097,0.802961613756064,0.808030570907685,0.812674538605744,0.798231832269593,0.814688494213634,0.785619586094783,0.868686537863193,0.84189332447521,0.79854772244986,0.779044969162946,0.795520982290754,0.828653171113807,0.826419946568382,0.779294472700271,0.813587862688668,0.786456808475619,0.80876292493027,0.801270757498119
"HFD_BAS_2",0.871956059913881,0.907694962412846,0.882864259193014,0.880544596182233,0.861984089246248,0.861878180878967,0.865244996910473,0.843500279161215,0.854487672632751,0.851839159340492,0.866030839541077,0.850740370769841,0.860941254213703,0.902009118554963,0.880175627508208,0.867705850859343,0.836751040461524,0.884688037403948,0.87281876361165,0.836699063334776,0.856217837370768,0.859639510344571,0.849551984133832,0.851159641937627,0.851749231755552,1,0.888330330416234,0.884371372539585,0.863637332386572,0.876178678776691,0.866069482288521,0.826138796385705,0.84427882159819,0.878284420765809,0.849503738491754,0.847408428643762,0.881421940133984,0.885198826749311,0.871364571227786,0.877687094855113,0.850893811484877,0.874661538097872,0.821625447955047,0.813504889121592,0.834690679593019,0.852577507313353,0.818371292026529,0.857690849607445,0.891693577206526,0.897985751635764,0.894953766750805,0.883064903323608,0.841787993359833,0.847732420164998,0.838204988426578,0.81904516732186,0.860839011260429,0.847437483517659,0.845001478738128,0.843016645381327,0.868691683603112,0.910049497154939,0.861355280856233,0.851923701725314,0.844940950983185,0.82504960739876,0.860084025199274,0.798583528921972,0.862462086614842,0.854849732440706,0.851648455050066,0.850732554930255
"HFD_BAS_3",0.844492848144645,0.897850024428671,0.908240988613093,0.901807913843367,0.8797354511352,0.88876987028009,0.908115136495123,0.85144606519993,0.874507459124276,0.87925816055858,0.86685451972099,0.885353387643369,0.845660655518252,0.899063791771324,0.914577731533152,0.90444193692316,0.848983797276383,0.892577434045294,0.890680084769572,0.843746810866464,0.868361127079952,0.898752228088629,0.869244794509818,0.87270720550822,0.817424264762463,0.888330330416234,1,0.911225596597023,0.883792908040352,0.899589991059004,0.906112947693159,0.844580009514452,0.852707063148254,0.904618366269354,0.866996866178945,0.883548055661156,0.854116379681299,0.871588825953616,0.903170213401992,0.898824884005763,0.868484747933368,0.90160947380701,0.831469134047795,0.807039008432854,0.860375618617245,0.871888926430345,0.814416968839621,0.87455785650147,0.878114526559186,0.878015145420747,0.931594796382458,0.91542798493247,0.851413651207413,0.884890246223086,0.860168343012031,0.832467318253997,0.86187699198151,0.871299906412506,0.858999254235721,0.878777255411904,0.860237113463423,0.897668443847732,0.896278230805323,0.889571961125478,0.866143568814942,0.838631014587826,0.885878976742854,0.814099527869314,0.886241483466478,0.887995416416173,0.876637718138089,0.87715663930797
"HFD_BAS_4",0.840230722582506,0.880748210066699,0.923739366578844,0.925277864518145,0.878447788223968,0.883108648962787,0.912109066602074,0.854985588027053,0.869756018858909,0.881602549513374,0.875837871048518,0.893332593900482,0.83391147124763,0.889511552989331,0.909026126108467,0.911494051447344,0.853158065370739,0.883878113337782,0.905647313355037,0.851037667151244,0.864704970655779,0.894142449167861,0.868223553535974,0.879874027656752,0.818001498502035,0.884371372539585,0.911225596597023,1,0.869394785663031,0.894979153988702,0.901095394762495,0.848305623783677,0.847142683740099,0.891827605818119,0.86142798948079,0.88174181365493,0.858610373757145,0.862212560833133,0.917313617166702,0.913897276374019,0.862896348998381,0.892887535173699,0.84832220665707,0.817785148498253,0.857914505799051,0.861503513311187,0.829069293820064,0.881192452925157,0.857089137075563,0.866999061578688,0.91415908728269,0.923010584820376,0.843809912731433,0.878892135272597,0.867696701237974,0.836194109401543,0.862528124837752,0.874926772193165,0.861083855825641,0.878954878728767,0.851069337332808,0.887645516421679,0.907632419225923,0.905198614138791,0.858539024133554,0.828025578554555,0.884260048042335,0.810878505083648,0.880210887454542,0.880819701399208,0.871338557494627,0.887207944487357
"HFD_BAS_5",0.864590138021461,0.871635035262211,0.872745813535272,0.865241417296354,0.91219682358506,0.883574791725933,0.878444113638283,0.888365801177233,0.882340612729625,0.87344851838962,0.897507714266977,0.855381972580121,0.853595651794567,0.878397348451468,0.86994374803728,0.854045303492058,0.849339415991966,0.870081507008654,0.862953301282341,0.889317566681416,0.880881590975509,0.887452986152331,0.866358593479297,0.8632316323606,0.830241960886835,0.863637332386572,0.883792908040352,0.869394785663031,1,0.883800658138894,0.870631979282346,0.86083630489341,0.84763626763812,0.893169940082231,0.879258025327239,0.849960899403591,0.864598878722907,0.863347914554461,0.869430115817323,0.858168702463098,0.893254060019891,0.87729990519614,0.818603623808173,0.837708683862202,0.865679069419503,0.852392988358491,0.848854197209509,0.865073077472187,0.886936085981585,0.879492005659426,0.883825432720787,0.86959347062265,0.892090373074349,0.872357792999031,0.841731641907824,0.859804178514033,0.876031831172222,0.864197504935193,0.856420617677,0.848308408161381,0.863299265800251,0.888455095105132,0.859024728851074,0.848005677186286,0.850514180999637,0.872190170092191,0.858606238525086,0.847402216880993,0.869158828237437,0.871373201289183,0.874739490257499,0.853100587452952
"HFD_BAS_6",0.839130014900485,0.879251555471217,0.884070478684748,0.886287873592868,0.869316946703039,0.87652299996741,0.901283664395399,0.848194312104616,0.881795141032247,0.870497177682295,0.87550221171117,0.873625811287811,0.829586933099559,0.882069597593206,0.898716880488121,0.887244266250141,0.834087659550329,0.887943938718784,0.881086663496213,0.85306420705803,0.875805228487843,0.897583488175243,0.856237185939983,0.880264073359213,0.81787395723902,0.876178678776691,0.899589991059004,0.894979153988702,0.883800658138894,1,0.899992595801079,0.858493595274612,0.877241201139956,0.92669739160209,0.868456072602148,0.873899728715159,0.86278701413772,0.881543655000609,0.889577076715842,0.893583138328886,0.890898570208503,0.915470109820039,0.852771463751103,0.836063026342503,0.883070556888391,0.886926552016508,0.834987736016812,0.864577543876709,0.868787223341416,0.871103753984893,0.914543697033617,0.913079555910629,0.86722314512178,0.88819090727054,0.864951357810898,0.84619979745376,0.875584811783168,0.878751086254428,0.872725279384298,0.887745584219929,0.850907357248745,0.891358287806643,0.875814525596787,0.880238220185025,0.872520546562624,0.836555889993983,0.885457142743039,0.834982681250937,0.87864622876507,0.88169601645888,0.869969601329953,0.870846268295202
"HFD_BAS_7",0.826332833851441,0.88549899233421,0.896688669056675,0.8937786519844,0.882337155514248,0.890789415628554,0.922995797263128,0.873134138521915,0.895099145766405,0.899661306255232,0.879822203474671,0.890110677375112,0.82912824340999,0.8857504786434,0.904307420344756,0.904666046225282,0.852227111395374,0.872394637251848,0.891537744139925,0.859879373240624,0.896980394314015,0.9093368755604,0.878112502905655,0.884395699119643,0.807656951090552,0.866069482288521,0.906112947693159,0.901095394762495,0.870631979282346,0.899992595801079,1,0.857736307005508,0.868047504081641,0.918441818791646,0.882337783792133,0.88532090768288,0.844687861301935,0.848458932603859,0.910122386325307,0.895719123276964,0.87045559248617,0.913284953423607,0.851371557246427,0.824122398175479,0.877704399214679,0.867126208243526,0.821373920150572,0.896420587471323,0.873778216695108,0.868874005026846,0.913521759352228,0.90544748473814,0.848416666358827,0.906350782230724,0.883419576655848,0.844663033665961,0.866214924300913,0.893740607070923,0.864979625920029,0.882240842296821,0.858275933313711,0.886228414983018,0.893550206644777,0.896427726443402,0.878271677023745,0.837422379649384,0.897422657799094,0.820550102146624,0.898950601194875,0.901042848898713,0.891651262937995,0.906857488511127
"HFD_BAS_8",0.804287979185023,0.829195710274782,0.835778708882885,0.824147117731931,0.857093942141638,0.855027265042926,0.86621679173631,0.862157741244454,0.860089372416686,0.853837713164544,0.854991368763318,0.829560506711103,0.811306918350595,0.841913510855612,0.837159928343644,0.839894133038342,0.855019515099577,0.861383255627923,0.823488899471825,0.852168057387883,0.836405803887348,0.849270486609818,0.846682215102089,0.861906344455069,0.803328890280924,0.826138796385705,0.844580009514452,0.848305623783677,0.86083630489341,0.858493595274612,0.857736307005508,1,0.906549008735934,0.881512781432405,0.869960700000709,0.86949708588121,0.850525469875545,0.864370274311615,0.827436224364523,0.830314104637792,0.890193214297787,0.870543546550504,0.88502983944395,0.897572070779499,0.904140506979253,0.885064766231699,0.891903851275908,0.860992663459217,0.842857887829547,0.835417576816434,0.86607345445226,0.848618819082937,0.884907506749618,0.886789067828786,0.883650930022622,0.915534174129161,0.892900627394063,0.862511584672836,0.887963863508498,0.886549877309395,0.851821685152762,0.839081793112101,0.844611590847453,0.834710829738716,0.905742388683812,0.855120448753739,0.896589504308479,0.868639019893406,0.865028512422245,0.871680637963007,0.848002171873665,0.840055083379548
"HFD_BAS_9",0.805975746079619,0.841179039610758,0.845564608096203,0.835992828579262,0.839961278537631,0.854192894068308,0.877447109861539,0.862108108235229,0.864419057094675,0.863075512276555,0.843595599688605,0.840039554885843,0.792376973787121,0.849725086141666,0.846103146854955,0.848322753051911,0.852483867723829,0.855431322406353,0.838496774778809,0.846049032984501,0.862319783058738,0.867197683980303,0.851490627374582,0.876489777732213,0.805971980873653,0.84427882159819,0.852707063148254,0.847142683740099,0.84763626763812,0.877241201139956,0.868047504081641,0.906549008735934,1,0.894720568798243,0.86976172882108,0.879223359254654,0.853606758530153,0.868142819896223,0.839318081972613,0.837071984686955,0.870363415933382,0.876839450005581,0.909324735781123,0.905081286058648,0.916093092899881,0.908671722247814,0.881193422583384,0.864463984870531,0.833898342093205,0.837912642053251,0.877639652588761,0.859371155857595,0.863967410937729,0.879326822712619,0.892083019339135,0.893546112543737,0.888348203938359,0.883030323640103,0.869722418030326,0.88041329626148,0.836437968693913,0.847786905091925,0.854631578677829,0.850760518305438,0.90611812058577,0.840628984361367,0.896010043794094,0.858996563729019,0.894058818206332,0.87771490626369,0.858264789470177,0.860034394666303
"HFD_BAS_10",0.849400880376363,0.900544088062404,0.888225578256322,0.886582144843328,0.889782049146774,0.88325016194342,0.913328966550997,0.876422411426722,0.905065529219365,0.89839706469571,0.882672469146666,0.885896296836111,0.839862513293504,0.895929211119178,0.903643441089924,0.886215523395335,0.844324530494527,0.891640157205447,0.887514073081251,0.868092164020693,0.894124514417469,0.91101015608214,0.872564667257858,0.889810280402073,0.828236356203181,0.878284420765809,0.904618366269354,0.891827605818119,0.893169940082231,0.92669739160209,0.918441818791646,0.881512781432405,0.894720568798243,1,0.885234395202989,0.889384557618086,0.86830256747612,0.88636388176465,0.894214605191655,0.888058006384965,0.899570911663045,0.918582682847359,0.872082451097097,0.856299302317791,0.90141992857011,0.90850970321762,0.868785263427686,0.883515034849499,0.891312746269586,0.88567275313932,0.918417079705603,0.921627451269416,0.885801467003081,0.902212766719314,0.895265575211634,0.883762262263994,0.889002400519669,0.897665400927199,0.884320985483911,0.887526328016285,0.866901056713712,0.899595039791979,0.877378447077068,0.885669283929797,0.889900201851814,0.85689781569296,0.901149133731455,0.844191951433124,0.907920276229398,0.89845450436547,0.887049083254172,0.889873609197445
"HFD_BAS_11",0.851919440034971,0.861136911362447,0.866147650393029,0.862998877595057,0.881999785105315,0.875347491027732,0.877493512727811,0.888838732744763,0.885699993107546,0.869659213017022,0.905234590988911,0.859761033516821,0.841775278065166,0.86915899610579,0.865721811706907,0.865046642852165,0.872570094679358,0.862904302032412,0.857579474340286,0.878125952389187,0.876521864411378,0.881419450879502,0.886955224480399,0.882257314745147,0.823730262108832,0.849503738491754,0.866996866178945,0.86142798948079,0.879258025327239,0.868456072602148,0.882337783792133,0.869960700000709,0.86976172882108,0.885234395202989,1,0.881674955894809,0.854625377622556,0.854288756984328,0.869429613738808,0.852121185965443,0.871365540688858,0.87754589359442,0.840202900771473,0.84991734777294,0.876079329343398,0.861920276062541,0.866737650383144,0.882101485844109,0.861986488072565,0.873912588171411,0.881316814736853,0.867044269244832,0.865459882546819,0.895157109460738,0.863224000816264,0.873669800941447,0.895103473644329,0.877921366876703,0.901041821036366,0.874787304520766,0.872846224476263,0.874256091393741,0.863878480071133,0.851850540449905,0.883389944228745,0.871245172441467,0.868782469234669,0.860660972887855,0.889735394842105,0.873354037025109,0.884771070678729,0.873454079899906
"HFD_BAS_12",0.820371862583328,0.860625330641393,0.870447152627979,0.876404477913735,0.850111071884351,0.872017432340642,0.899775646178381,0.856493434898124,0.866732132765428,0.878301651479448,0.862222372965564,0.883738467096889,0.805664827400259,0.866990665196829,0.876814398388762,0.873295960206277,0.868010869314847,0.865384927700102,0.860753505461461,0.848907134794824,0.862602042519602,0.882306598324511,0.86973247215696,0.887210902434145,0.804616657232593,0.847408428643762,0.883548055661156,0.88174181365493,0.849960899403591,0.873899728715159,0.88532090768288,0.86949708588121,0.879223359254654,0.889384557618086,0.881674955894809,1,0.827307300683552,0.855557151241167,0.880983019183509,0.868733796625307,0.860469082567334,0.885889060162001,0.877435620475077,0.857000067594205,0.880961192067809,0.872853596230725,0.848744316006695,0.891206942286738,0.847565810904665,0.842956396668384,0.89229592748526,0.891489827624671,0.853724244664112,0.885314177603782,0.888524884615469,0.860357093000836,0.885774546928676,0.888251570512231,0.870420820213754,0.902491270422658,0.850498536116278,0.856403607035551,0.887352229471573,0.869172833143752,0.891206981256344,0.836774274484383,0.899765696490347,0.835448625351397,0.896136166386212,0.886699157501509,0.88852174924289,0.899430391844815
"HFD_INS_1",0.865542474201736,0.868222999316635,0.844713977156993,0.829177554871501,0.852133909800625,0.835484365479579,0.83770030548879,0.830179648331665,0.845983234547448,0.82411742400076,0.850651380119884,0.802827648456366,0.883666504308018,0.895304963361785,0.863221708312519,0.846783063667253,0.85024709866458,0.884358468559498,0.846724628753325,0.833748282306931,0.861084862856164,0.842833970562147,0.85025050829423,0.838935519815235,0.854767934206437,0.881421940133984,0.854116379681299,0.858610373757145,0.864598878722907,0.86278701413772,0.844687861301935,0.850525469875545,0.853606758530153,0.86830256747612,0.854625377622556,0.827307300683552,1,0.911800578330195,0.841807745333373,0.842621744246867,0.873764376777577,0.860056035192372,0.831912408561715,0.82801437236698,0.865938619360724,0.862565224196421,0.849931891419099,0.837638075443865,0.893503017749616,0.893117025837632,0.870682712001026,0.849772504327136,0.862840514726216,0.845588391301457,0.820731009483919,0.843692158098524,0.850126860283699,0.823986129571227,0.857945198154432,0.834853305736831,0.899449096662296,0.88957779539708,0.825420520281451,0.819365151116565,0.855617788632323,0.858095101429456,0.867760685325013,0.829729456363479,0.863314005286893,0.828013495913737,0.840636425173786,0.829868802334699
"HFD_INS_2",0.848312108154219,0.878682628191358,0.846052260681338,0.840086974868859,0.855174457630362,0.846367675435225,0.849355229478482,0.830073815508337,0.84041041564593,0.831741272740829,0.855488457629388,0.823450164065779,0.87034873694111,0.896068705306373,0.872813215119371,0.855020151615424,0.843437312899378,0.894912570229482,0.852727982838497,0.832050978328607,0.843193264330909,0.849700626381264,0.851099789775144,0.85778249540547,0.83857204624084,0.885198826749311,0.871588825953616,0.862212560833133,0.863347914554461,0.881543655000609,0.848458932603859,0.864370274311615,0.868142819896223,0.88636388176465,0.854288756984328,0.855557151241167,0.911800578330195,1,0.853978389591504,0.85785916995186,0.890605125361117,0.881623077701757,0.846266744336954,0.842522986774016,0.875398546680641,0.876769374895448,0.859933209861511,0.853803443511379,0.890777978853839,0.90036825307357,0.885798379046612,0.862502777132235,0.869144007026244,0.852243345500747,0.837234465795274,0.853298059702058,0.864563970649098,0.835005736705575,0.862072146142221,0.861317912050807,0.891997439841849,0.906365838350034,0.839655438044998,0.840138882412913,0.87585653522537,0.856609526109094,0.88627446119443,0.835271643497606,0.86310816846689,0.844774390034513,0.854804771499179,0.840901847531232
"HFD_INS_3",0.833631579077177,0.879136100314681,0.908891442076422,0.918960139632242,0.8676859976495,0.88182617273158,0.915526698675413,0.859878657455226,0.87175805634188,0.886457333240967,0.875400445982961,0.876185664614993,0.833680715284223,0.899461887251903,0.910724246618841,0.918047760588681,0.856872305463813,0.875032801996479,0.893193318849789,0.865939941454208,0.877057241535513,0.908903041647167,0.881952874176173,0.877335597062996,0.812279058110382,0.871364571227786,0.903170213401992,0.917313617166702,0.869430115817323,0.889577076715842,0.910122386325307,0.827436224364523,0.839318081972613,0.894214605191655,0.869429613738808,0.880983019183509,0.841807745333373,0.853978389591504,1,0.928791839749037,0.855574540225702,0.893389651519503,0.840467958027979,0.807631812975769,0.862917008762211,0.865666410582752,0.802595922154883,0.87919788120944,0.85530047271499,0.861002818636324,0.910634942745337,0.909900098680122,0.833542841624216,0.884922786192548,0.87392463637638,0.820531456466105,0.845667437137688,0.876162476201289,0.847890878770362,0.860912409587082,0.852159607336316,0.89903213472542,0.917607538875396,0.909087042853121,0.85655088480254,0.841302634471769,0.881922312120641,0.805983126687937,0.89127911115304,0.890229573700742,0.889993103601856,0.90100047206929
"HFD_INS_4",0.827131104854122,0.879499740518477,0.904197918507494,0.928826399464421,0.861018379290883,0.871023350626645,0.903709216351393,0.842131737984052,0.86461280334368,0.864540745675315,0.861404901384478,0.883753934274677,0.835157038911195,0.892639918985843,0.9089752342566,0.923420768661963,0.83730113777526,0.885439828888805,0.893285065153271,0.845785800279205,0.870097369286573,0.89458029510457,0.86089291077781,0.873136416751123,0.806136422891829,0.877687094855113,0.898824884005763,0.913897276374019,0.858168702463098,0.893583138328886,0.895719123276964,0.830314104637792,0.837071984686955,0.888058006384965,0.852121185965443,0.868733796625307,0.842621744246867,0.85785916995186,0.928791839749037,1,0.864525319777826,0.893278104924226,0.827445374019076,0.802564640251432,0.8506220493387,0.863503113303352,0.80567569169552,0.872995292084506,0.858057850537041,0.863716627311285,0.909603745758455,0.914496459468324,0.821146568058283,0.868301232104582,0.855584936883219,0.815578159928301,0.841627698177684,0.86149986250872,0.851018342086613,0.864417421845623,0.850655307599963,0.893090241117915,0.90321971405582,0.914436312093287,0.854461821354211,0.821140077374123,0.880425672726364,0.798653298012808,0.882336737253219,0.883404157564645,0.870023239155628,0.890223048429341
"HFD_INS_5",0.829053764865301,0.859431379752044,0.850209700935929,0.839964877930751,0.878285336081483,0.860061249748755,0.873116304260481,0.840749049103427,0.856713221266452,0.830606789403865,0.865312309556826,0.840222825430874,0.838444526732862,0.869910361175484,0.878360287899955,0.863496040231267,0.84219816059353,0.897627799590965,0.874056418486132,0.852000708602787,0.858063637515085,0.876078555348717,0.863618729178339,0.88044045048523,0.808647744880333,0.850893811484877,0.868484747933368,0.862896348998381,0.893254060019891,0.890898570208503,0.87045559248617,0.890193214297787,0.870363415933382,0.899570911663045,0.871365540688858,0.860469082567334,0.873764376777577,0.890605125361117,0.855574540225702,0.864525319777826,1,0.902784785294605,0.842373557387987,0.855032923676089,0.888189158533254,0.886832213054271,0.864158854295114,0.862385615938495,0.864859652114611,0.872500598980338,0.894053570328707,0.878116628208045,0.901459937501243,0.873729723291152,0.847927403483384,0.86865843401169,0.879624071150897,0.847092527173974,0.876589386939846,0.870847424446995,0.863986945691691,0.873823224498803,0.853920168651824,0.865036982133515,0.883431336481328,0.870433349135346,0.883113655746167,0.864354618289918,0.869775082047298,0.870165377445107,0.867686443797504,0.844992420176376
"HFD_INS_6",0.830460784423849,0.881110708037265,0.891231534809402,0.882276757879464,0.879020008765656,0.89776186024935,0.911310808715895,0.86114433991601,0.889481868386603,0.877062293861253,0.868865267124104,0.877316999313603,0.837063959118631,0.893957402999025,0.90310333958388,0.896007015977749,0.860538781871356,0.90567599028034,0.893622943988455,0.863423866222252,0.892062971312043,0.897261366211907,0.875690667323132,0.892560203780269,0.809401976473041,0.874661538097872,0.90160947380701,0.892887535173699,0.87729990519614,0.915470109820039,0.913284953423607,0.870543546550504,0.876839450005581,0.918582682847359,0.87754589359442,0.885889060162001,0.860056035192372,0.881623077701757,0.893389651519503,0.893278104924226,0.902784785294605,1,0.8487163093199,0.838589168993042,0.889393439970552,0.889085609971093,0.842222317563633,0.895415986222206,0.878419263889078,0.878994351267065,0.915498177199386,0.90802390964771,0.861868859697251,0.910557850953076,0.86845643715828,0.852175199060779,0.88300227203828,0.878841247045603,0.88294300267775,0.893164957592829,0.864542138883412,0.903954423385766,0.896950770148208,0.897202459561402,0.900091607432428,0.840633457172094,0.895346588412815,0.841625916940699,0.896208966946458,0.898724501915163,0.882944540189508,0.885820533205745
"HFD_INS_7",0.782754932883295,0.826283443150883,0.8320484360579,0.83381247037662,0.818507356807,0.840806377863249,0.866130714399412,0.844425252470255,0.848223801292348,0.868455294804353,0.814981861951893,0.836030926139705,0.775389873931539,0.83958627028518,0.842553639950003,0.845107081540914,0.847923115156813,0.827603441142786,0.823760701436271,0.833874212379725,0.844702090264737,0.864697599041401,0.823858928338091,0.846450834542763,0.803787803955943,0.821625447955047,0.831469134047795,0.84832220665707,0.818603623808173,0.852771463751103,0.851371557246427,0.88502983944395,0.909324735781123,0.872082451097097,0.840202900771473,0.877435620475077,0.831912408561715,0.846266744336954,0.840467958027979,0.827445374019076,0.842373557387987,0.8487163093199,1,0.905958361351454,0.907313503543792,0.908959691538875,0.856798317726633,0.836825959499942,0.810174131833032,0.79852921914434,0.854971933534292,0.847697447093349,0.83589150734458,0.860290584093469,0.908702038313758,0.877899337512089,0.850167172764871,0.873779624254748,0.839194949644687,0.859902835712813,0.833799762789826,0.81655648059493,0.847429388698869,0.838921483073797,0.8878478191959,0.811437854146454,0.901134602429991,0.820898351246119,0.868065292474517,0.858913338774604,0.839886887694667,0.843978418758783
"HFD_INS_8",0.800709675378604,0.806353922275926,0.808319239162298,0.803556089475278,0.82595284964808,0.820027897990865,0.837571902804573,0.858188250938724,0.844216757762544,0.843432237336135,0.822710702404717,0.818925338361191,0.78566710114865,0.813069378576737,0.798727129715376,0.812857165065673,0.851540064332983,0.819108472592449,0.803292481058908,0.856786189975964,0.830936815331534,0.833244139020815,0.821867910574332,0.832059823567512,0.807724354626411,0.813504889121592,0.807039008432854,0.817785148498253,0.837708683862202,0.836063026342503,0.824122398175479,0.897572070779499,0.905081286058648,0.856299302317791,0.84991734777294,0.857000067594205,0.82801437236698,0.842522986774016,0.807631812975769,0.802564640251432,0.855032923676089,0.838589168993042,0.905958361351454,1,0.892397740423672,0.890043289372526,0.881394876734216,0.828205465210112,0.804821475591262,0.803884034634872,0.828780026005408,0.817933246415274,0.852540814585858,0.843528221183791,0.873932695133033,0.897591174976733,0.872217274843105,0.862590261353608,0.843942662314454,0.846924704023558,0.825738755778759,0.805621175309906,0.819761360166206,0.803962220431014,0.875896863647712,0.836492355248645,0.871560077213272,0.849859488170474,0.851574043952897,0.842475462997462,0.830649648120117,0.825094824208938
"HFD_INS_9",0.805370406052855,0.837846414417304,0.850327067545611,0.845526828144265,0.857556544351579,0.867550137358433,0.879601066227757,0.860186486377437,0.885914686993502,0.866941648220685,0.850876000007947,0.849785142173513,0.813468688779064,0.861397886042421,0.863214126548101,0.864274330009287,0.866963327883758,0.869783986370846,0.855080756532979,0.868762372283757,0.884657043631448,0.878542093646428,0.863413622909411,0.881895061381632,0.807429330261783,0.834690679593019,0.860375618617245,0.857914505799051,0.865679069419503,0.883070556888391,0.877704399214679,0.904140506979253,0.916093092899881,0.90141992857011,0.876079329343398,0.880961192067809,0.865938619360724,0.875398546680641,0.862917008762211,0.8506220493387,0.888189158533254,0.889393439970552,0.907313503543792,0.892397740423672,1,0.919294632337177,0.87315181532333,0.863982896114738,0.839346232648209,0.846767088688951,0.88733972025674,0.86485864918654,0.874922541066026,0.894677672766494,0.89178035953867,0.892182735051356,0.886474431604126,0.878763191150758,0.864800519822203,0.868966805948869,0.856975140721063,0.860981152454376,0.858868917171452,0.860435482726179,0.910438627570719,0.855809333936436,0.904102145955577,0.867600646536465,0.892581545373226,0.877166495179529,0.869909110737617,0.866930565929465
"HFD_INS_10",0.816610547046334,0.864903335464345,0.858207113704695,0.854568685408558,0.848401153648917,0.847305276401237,0.882811217244566,0.845067364582345,0.878882131488386,0.882056059347706,0.841800919384551,0.844488321155546,0.814537744563279,0.872764422661797,0.881998379373252,0.873957223794342,0.843697617001071,0.86828563741684,0.855015829805472,0.853301447797383,0.874610681194085,0.892371266899756,0.84809756099311,0.867937479367371,0.811828669648448,0.852577507313353,0.871888926430345,0.861503513311187,0.852392988358491,0.886926552016508,0.867126208243526,0.885064766231699,0.908671722247814,0.90850970321762,0.861920276062541,0.872853596230725,0.862565224196421,0.876769374895448,0.865666410582752,0.863503113303352,0.886832213054271,0.889085609971093,0.908959691538875,0.890043289372526,0.919294632337177,1,0.868038724522726,0.856242557354344,0.850737923083781,0.845539165823773,0.895225865938851,0.881305211204823,0.859786644189326,0.870354144179371,0.895508424473254,0.874037760223155,0.869738415255138,0.885962490696101,0.856450360178393,0.880460565585446,0.855499822634801,0.861532156233539,0.858825031661811,0.861113855593947,0.89147150322191,0.838151857947829,0.898981404064674,0.846332806309462,0.887080998191241,0.879050351406259,0.86634528216114,0.872156333967925
"HFD_INS_11",0.820737395137753,0.809849267817069,0.808294647973223,0.800962605156139,0.837725652725898,0.832025744192909,0.833519758382577,0.833417386406664,0.83918362496687,0.822701990359361,0.851051107812083,0.811563551375659,0.824746327197824,0.82554928549231,0.816283426618536,0.820080936825415,0.836716079384578,0.833684054536643,0.808256505158073,0.84126450813149,0.824225607339421,0.834680831578989,0.839903877174751,0.845120884133009,0.824930588114704,0.818371292026529,0.814416968839621,0.829069293820064,0.848854197209509,0.834987736016812,0.821373920150572,0.891903851275908,0.881193422583384,0.868785263427686,0.866737650383144,0.848744316006695,0.849931891419099,0.859933209861511,0.802595922154883,0.80567569169552,0.864158854295114,0.842222317563633,0.856798317726633,0.881394876734216,0.87315181532333,0.868038724522726,1,0.831549029965227,0.842532803392796,0.839416433638181,0.844104939085956,0.823040162002838,0.877498522905482,0.844513317535226,0.851487710218939,0.881594661668841,0.87598228157727,0.837200711050164,0.874418061218733,0.853928570039215,0.857299158036033,0.832778481718782,0.817540808970655,0.809894687106655,0.870539556097511,0.867857479287935,0.875840491529908,0.877793249287964,0.842241323934177,0.842125169522029,0.845922853871019,0.827460278029247
"HFD_INS_12",0.812822681912625,0.853372283139831,0.871843647978749,0.859947134651265,0.869256249354584,0.881599650566393,0.888226924546029,0.865069833745372,0.871196004764568,0.861960794548609,0.876265841750592,0.875864085618688,0.822188869394953,0.866986926551565,0.877297314065796,0.87338258990857,0.857858712888997,0.877422041514116,0.879418966150704,0.858784457772217,0.868578205846748,0.88224021042257,0.89160133615829,0.915486484208269,0.794794752089598,0.857690849607445,0.87455785650147,0.881192452925157,0.865073077472187,0.864577543876709,0.896420587471323,0.860992663459217,0.864463984870531,0.883515034849499,0.882101485844109,0.891206942286738,0.837638075443865,0.853803443511379,0.87919788120944,0.872995292084506,0.862385615938495,0.895415986222206,0.836825959499942,0.828205465210112,0.863982896114738,0.856242557354344,0.831549029965227,1,0.854278732936951,0.859739490046999,0.880866042557787,0.879181471454468,0.841965133940375,0.886588607857221,0.851456449632156,0.848087669218391,0.876226189177325,0.862234552544621,0.879887918994011,0.888517922652942,0.85178987775614,0.88385131782247,0.877627362311156,0.879451733716428,0.884801386490143,0.848098632700053,0.874361975819411,0.838262103323591,0.882991466843781,0.891745348455953,0.894237513910544,0.899288626203309
"REV_BAS_1",0.885306154419487,0.90008322940626,0.868567202584929,0.856484577988596,0.880396595626992,0.856738151094766,0.866433214747746,0.846190440854181,0.860493814870632,0.848553977187619,0.885856929804639,0.842515004031943,0.885286083593816,0.892725919581881,0.880686333054364,0.862508591555355,0.832698432594321,0.87669533562633,0.851470138534839,0.850883430120873,0.862486513656883,0.866681958446266,0.85342790166314,0.846673804138531,0.855233623138908,0.891693577206526,0.878114526559186,0.857089137075563,0.886936085981585,0.868787223341416,0.873778216695108,0.842857887829547,0.833898342093205,0.891312746269586,0.861986488072565,0.847565810904665,0.893503017749616,0.890777978853839,0.85530047271499,0.858057850537041,0.864859652114611,0.878419263889078,0.810174131833032,0.804821475591262,0.839346232648209,0.850737923083781,0.842532803392796,0.854278732936951,1,0.910171846749486,0.892749665805977,0.881237720351167,0.866852477684097,0.863371265987739,0.833108541604628,0.830939548547766,0.869833493301398,0.851217097427968,0.866103195738483,0.851556769753637,0.91456057708523,0.910891589791623,0.840987659804161,0.841422496651453,0.851725682474803,0.855575116457202,0.862986136397976,0.824543111182389,0.870382508584571,0.852182348826609,0.865879836222225,0.85271446718468
"REV_BAS_2",0.882524760118728,0.891107649571648,0.871256255907943,0.858521508490919,0.884754832088113,0.867960466538567,0.863496242687375,0.842746718810875,0.859276334157162,0.841632151744054,0.886757176058407,0.832619162269927,0.882813074124806,0.901420301843026,0.882090948360064,0.866255602844808,0.842324554513782,0.889525351696736,0.865073743072852,0.844643802527456,0.8632764486929,0.859386987782586,0.874086782417151,0.858164448885612,0.840110657801233,0.897985751635764,0.878015145420747,0.866999061578688,0.879492005659426,0.871103753984893,0.868874005026846,0.835417576816434,0.837912642053251,0.88567275313932,0.873912588171411,0.842956396668384,0.893117025837632,0.90036825307357,0.861002818636324,0.863716627311285,0.872500598980338,0.878994351267065,0.79852921914434,0.803884034634872,0.846767088688951,0.845539165823773,0.839416433638181,0.859739490046999,0.910171846749486,1,0.894038283704627,0.871245047206875,0.869037284532203,0.86236188319338,0.822835297041403,0.834158715125835,0.86430337950009,0.842723493054413,0.875154374994248,0.858048939268082,0.891019262810796,0.923342494478776,0.847141432679416,0.844868116497726,0.859774184307032,0.864175720373889,0.869358641387959,0.841177131577492,0.882008343657503,0.858490262611544,0.870342707730937,0.860323954161678
"REV_BAS_3",0.845820010872685,0.907531615215909,0.901378190897997,0.907923808519283,0.884225943559036,0.889783051509269,0.921839822223115,0.856591126717994,0.882800023567954,0.889648563636287,0.888646856037195,0.879851945699967,0.850318004358511,0.91041689279758,0.931166131393226,0.915148716265536,0.854447848772308,0.901529261667835,0.890884839088746,0.860066543226926,0.885817818430484,0.906672758702803,0.880813007321106,0.888003862563941,0.823644182560542,0.894953766750805,0.931594796382458,0.91415908728269,0.883825432720787,0.914543697033617,0.913521759352228,0.86607345445226,0.877639652588761,0.918417079705603,0.881316814736853,0.89229592748526,0.870682712001026,0.885798379046612,0.910634942745337,0.909603745758455,0.894053570328707,0.915498177199386,0.854971933534292,0.828780026005408,0.88733972025674,0.895225865938851,0.844104939085956,0.880866042557787,0.892749665805977,0.894038283704627,1,0.929234866443381,0.870338259353027,0.897957234989763,0.880169075072549,0.853299666777965,0.880467919766605,0.891061054687125,0.878470084226946,0.897062548333964,0.876417678192177,0.91100175814261,0.901803668739415,0.907087688624641,0.887154957527558,0.855171540284881,0.908909213366436,0.840127666384482,0.901629806442255,0.901077567545356,0.885683212231943,0.890848719419095
"REV_BAS_4",0.845685749769729,0.898031644295795,0.90454715174421,0.916334294583701,0.87301479357403,0.886535291047634,0.916602091091453,0.86064858086273,0.887606498399868,0.88559101604616,0.870784878995479,0.887465607017453,0.839130164189628,0.894349696614196,0.923525089374514,0.921042784513116,0.83575132530718,0.889834629896321,0.888328159147101,0.858284843779356,0.881031348605621,0.900530678174543,0.870867561814599,0.885817192201247,0.809586758888734,0.883064903323608,0.91542798493247,0.923010584820376,0.86959347062265,0.913079555910629,0.90544748473814,0.848618819082937,0.859371155857595,0.921627451269416,0.867044269244832,0.891489827624671,0.849772504327136,0.862502777132235,0.909900098680122,0.914496459468324,0.878116628208045,0.90802390964771,0.847697447093349,0.817933246415274,0.86485864918654,0.881305211204823,0.823040162002838,0.879181471454468,0.881237720351167,0.871245047206875,0.929234866443381,1,0.856474797735167,0.895279918313212,0.88771148854405,0.847040990077626,0.877686049958295,0.886965641784427,0.881694140476891,0.894464230801683,0.864103775057246,0.900326070727307,0.905113661893601,0.917733614679905,0.882678908464558,0.835224530236738,0.889407781561696,0.814867358630197,0.891505950265048,0.88829664029226,0.889700928497039,0.902126967809507
"REV_BAS_5",0.839364740383163,0.848704219529237,0.843414380477921,0.822757512011517,0.872200501680877,0.858586465032636,0.858270411996984,0.85418279287941,0.853591581005589,0.835677934023923,0.864610765083738,0.828448687713818,0.843522180559927,0.855846171354879,0.846984648983915,0.836124542628655,0.838281260342225,0.868119757635051,0.835101087038018,0.87586746985721,0.84743737081048,0.850456593181239,0.854141009332327,0.864923279589401,0.805766755474953,0.841787993359833,0.851413651207413,0.843809912731433,0.892090373074349,0.86722314512178,0.848416666358827,0.884907506749618,0.863967410937729,0.885801467003081,0.865459882546819,0.853724244664112,0.862840514726216,0.869144007026244,0.833542841624216,0.821146568058283,0.901459937501243,0.861868859697251,0.83589150734458,0.852540814585858,0.874922541066026,0.859786644189326,0.877498522905482,0.841965133940375,0.866852477684097,0.869037284532203,0.870338259353027,0.856474797735167,1,0.869640016001069,0.847223519290129,0.873778387047786,0.880306647639527,0.848112192160024,0.874463259559683,0.859603270618903,0.864611847110007,0.857044555719546,0.833735570056288,0.830180195241773,0.861455383251443,0.885504802434733,0.874084201040297,0.88479820100666,0.859051449883493,0.858635340380332,0.855515981348164,0.835250438751272
"REV_BAS_6",0.826069400497965,0.862839875836708,0.874440876898098,0.870197448088463,0.886542037412157,0.905995775042201,0.893026645100433,0.878904443495982,0.900787076975636,0.888298638504079,0.874693566122058,0.880363323721163,0.822550005850242,0.873828349116406,0.885206037943885,0.879329898685551,0.874378467009103,0.88044355948496,0.858283851850435,0.874689356373578,0.887666812948069,0.888773489804552,0.872042847040216,0.8832807422624,0.799435427119097,0.847732420164998,0.884890246223086,0.878892135272597,0.872357792999031,0.88819090727054,0.906350782230724,0.886789067828786,0.879326822712619,0.902212766719314,0.895157109460738,0.885314177603782,0.845588391301457,0.852243345500747,0.884922786192548,0.868301232104582,0.873729723291152,0.910557850953076,0.860290584093469,0.843528221183791,0.894677672766494,0.870354144179371,0.844513317535226,0.886588607857221,0.863371265987739,0.86236188319338,0.897957234989763,0.895279918313212,0.869640016001069,1,0.88710738880668,0.87004918120785,0.891284944621292,0.900315526785562,0.897277933406731,0.891499503780721,0.855831550553329,0.87594987960238,0.896700806313266,0.887072105458784,0.901620273319226,0.858007397416543,0.88915145162626,0.854374702010592,0.898502213952287,0.901329254063035,0.891633217792144,0.894937244349044
"REV_BAS_7",0.806207765867928,0.845880932496476,0.859356555503059,0.863814934322891,0.844902009638457,0.865078852516223,0.902713902845417,0.869702576917448,0.875163678701834,0.899475549714747,0.848170241374727,0.86200194755022,0.794440933949542,0.859188893140411,0.864204326407777,0.865926007044343,0.859133658901289,0.839684114407626,0.844610444579245,0.863124007768658,0.859389090949781,0.888217876720581,0.845938872351616,0.862099891508805,0.802961613756064,0.838204988426578,0.860168343012031,0.867696701237974,0.841731641907824,0.864951357810898,0.883419576655848,0.883650930022622,0.892083019339135,0.895265575211634,0.863224000816264,0.888524884615469,0.820731009483919,0.837234465795274,0.87392463637638,0.855584936883219,0.847927403483384,0.86845643715828,0.908702038313758,0.873932695133033,0.89178035953867,0.895508424473254,0.851487710218939,0.851456449632156,0.833108541604628,0.822835297041403,0.880169075072549,0.88771148854405,0.847223519290129,0.88710738880668,1,0.878315693791974,0.876004528229208,0.906986309349653,0.860649164664644,0.874457919693079,0.838337924177429,0.847469177272649,0.88456168661876,0.872078484286225,0.889890100219204,0.829125132277311,0.911358230250036,0.836171929016307,0.88960110453337,0.890754889966329,0.8704594359881,0.887080965223116
"REV_BAS_8",0.809855819116703,0.826764123113254,0.821435950546662,0.819402126774863,0.847173115804066,0.848159152951569,0.851410031977059,0.86381908363829,0.852297667820294,0.847645917921114,0.846577833964247,0.823677357206041,0.806051724520113,0.832535589824592,0.82458811579342,0.823854143047603,0.852240834508306,0.839403793926113,0.826763791661234,0.857874536552154,0.84642057728663,0.844387320645729,0.844885840245326,0.857237166477317,0.808030570907685,0.81904516732186,0.832467318253997,0.836194109401543,0.859804178514033,0.84619979745376,0.844663033665961,0.915534174129161,0.893546112543737,0.883762262263994,0.873669800941447,0.860357093000836,0.843692158098524,0.853298059702058,0.820531456466105,0.815578159928301,0.86865843401169,0.852175199060779,0.877899337512089,0.897591174976733,0.892182735051356,0.874037760223155,0.881594661668841,0.848087669218391,0.830939548547766,0.834158715125835,0.853299666777965,0.847040990077626,0.873778387047786,0.87004918120785,0.878315693791974,1,0.891221931034942,0.859420186157955,0.881309839130968,0.877606913082152,0.85193099998256,0.830132003893451,0.836373314944312,0.827521371684141,0.895383491800721,0.855659801096254,0.886078945417578,0.872756756358276,0.874043451160171,0.857399549326916,0.852496368489622,0.839372000030175
"REV_BAS_9",0.842504373904677,0.863188227114015,0.856366680462596,0.849850372116468,0.877433322513706,0.878319477033987,0.887622286847555,0.885452063440511,0.883239935759268,0.867438529375873,0.883233336165579,0.854331964892185,0.826883233487777,0.86230581169118,0.854657003228627,0.858859212018312,0.878608438857125,0.869470897006633,0.857139104449621,0.872832954909283,0.871289815565671,0.876317029401572,0.883423618663544,0.887144474702641,0.812674538605744,0.860839011260429,0.86187699198151,0.862528124837752,0.876031831172222,0.875584811783168,0.866214924300913,0.892900627394063,0.888348203938359,0.889002400519669,0.895103473644329,0.885774546928676,0.850126860283699,0.864563970649098,0.845667437137688,0.841627698177684,0.879624071150897,0.88300227203828,0.850167172764871,0.872217274843105,0.886474431604126,0.869738415255138,0.87598228157727,0.876226189177325,0.869833493301398,0.86430337950009,0.880467919766605,0.877686049958295,0.880306647639527,0.891284944621292,0.876004528229208,0.891221931034942,1,0.885303407853168,0.889039785121598,0.885443049057478,0.866001405450497,0.870727649311096,0.868630818618564,0.853103762500626,0.899367033685342,0.858539085574488,0.892977278806617,0.867819478174573,0.896895606340307,0.887398189810124,0.888948514142346,0.877582668861865
"REV_BAS_10",0.82545679130965,0.875013519884174,0.880412533981314,0.868024674633807,0.862527992129614,0.862560014356878,0.894295260283232,0.885570251652514,0.892158947094661,0.918950586768941,0.871474208710597,0.885803154252491,0.798967277606571,0.867992817830513,0.865141900349176,0.863999491641474,0.860469862207826,0.846350516209828,0.851072928582796,0.876303066277398,0.873257092409535,0.897426905953359,0.863389563163257,0.862953055668315,0.798231832269593,0.847437483517659,0.871299906412506,0.874926772193165,0.864197504935193,0.878751086254428,0.893740607070923,0.862511584672836,0.883030323640103,0.897665400927199,0.877921366876703,0.888251570512231,0.823986129571227,0.835005736705575,0.876162476201289,0.86149986250872,0.847092527173974,0.878841247045603,0.873779624254748,0.862590261353608,0.878763191150758,0.885962490696101,0.837200711050164,0.862234552544621,0.851217097427968,0.842723493054413,0.891061054687125,0.886965641784427,0.848112192160024,0.900315526785562,0.906986309349653,0.859420186157955,0.885303407853168,1,0.866092519343291,0.884596024022797,0.833389875915874,0.860667990872469,0.891486283877451,0.875062143650413,0.874745334193059,0.826925866994806,0.881365533534972,0.820853071390428,0.900639991856617,0.910784250953518,0.881210162248144,0.894591301175969
"REV_BAS_11",0.832998208981046,0.849721167489881,0.850770028690444,0.842518446569046,0.868279559717093,0.867406544967389,0.865969335187293,0.854287615376752,0.868661384355082,0.844881933188129,0.881549839891286,0.84224882005002,0.82891477981013,0.859969836583272,0.854267882994862,0.853215158842076,0.845273568785727,0.87469662716515,0.840014277507433,0.858847189769575,0.850977348304211,0.861599879486617,0.879059149433377,0.881990379668406,0.814688494213634,0.845001478738128,0.858999254235721,0.861083855825641,0.856420617677,0.872725279384298,0.864979625920029,0.887963863508498,0.869722418030326,0.884320985483911,0.901041821036366,0.870420820213754,0.857945198154432,0.862072146142221,0.847890878770362,0.851018342086613,0.876589386939846,0.88294300267775,0.839194949644687,0.843942662314454,0.864800519822203,0.856450360178393,0.874418061218733,0.879887918994011,0.866103195738483,0.875154374994248,0.878470084226946,0.881694140476891,0.874463259559683,0.897277933406731,0.860649164664644,0.881309839130968,0.889039785121598,0.866092519343291,1,0.888313334080533,0.869145183909535,0.873917423248607,0.855832877655248,0.860067464328133,0.892984246837499,0.871172389659282,0.875491416361728,0.868360857905736,0.876165158557641,0.874793359498843,0.880496560675849,0.862256006416286
"REV_BAS_12",0.806669250307372,0.850918241274147,0.857107203016078,0.853587248841013,0.858634246052712,0.875132714586589,0.889702280742485,0.85083009256487,0.863428528870031,0.874241565968074,0.86534403623775,0.875057683256614,0.810240100430966,0.866758163043413,0.885684758321123,0.873116724468819,0.852454556004422,0.870294646950035,0.854929628056321,0.846111091897807,0.85151709151666,0.877377340452674,0.87510405413871,0.893551227842773,0.785619586094783,0.843016645381327,0.878777255411904,0.878954878728767,0.848308408161381,0.887745584219929,0.882240842296821,0.886549877309395,0.88041329626148,0.887526328016285,0.874787304520766,0.902491270422658,0.834853305736831,0.861317912050807,0.860912409587082,0.864417421845623,0.870847424446995,0.893164957592829,0.859902835712813,0.846924704023558,0.868966805948869,0.880460565585446,0.853928570039215,0.888517922652942,0.851556769753637,0.858048939268082,0.897062548333964,0.894464230801683,0.859603270618903,0.891499503780721,0.874457919693079,0.877606913082152,0.885443049057478,0.884596024022797,0.888313334080533,1,0.847473061894268,0.867921298765067,0.880604611559128,0.87809827039138,0.904936890386176,0.852235796829731,0.904440241299967,0.857284159588053,0.888699755028475,0.900233755549893,0.87724033194633,0.89285461511724
"REV_INS_1",0.872128744885643,0.873652512502835,0.855018173758407,0.845293919912983,0.8654802409472,0.857428015526329,0.85075837044424,0.837713760190381,0.846224030467886,0.831998599570658,0.874873620820211,0.823439266113458,0.878122964542216,0.89436546399286,0.868697118270369,0.861553621567841,0.861456581106971,0.875273417383232,0.8499635210644,0.857232850577286,0.860678774586814,0.857298493514801,0.85953975389441,0.852987532310876,0.868686537863193,0.868691683603112,0.860237113463423,0.851069337332808,0.863299265800251,0.850907357248745,0.858275933313711,0.851821685152762,0.836437968693913,0.866901056713712,0.872846224476263,0.850498536116278,0.899449096662296,0.891997439841849,0.852159607336316,0.850655307599963,0.863986945691691,0.864542138883412,0.833799762789826,0.825738755778759,0.856975140721063,0.855499822634801,0.857299158036033,0.85178987775614,0.91456057708523,0.891019262810796,0.876417678192177,0.864103775057246,0.864611847110007,0.855831550553329,0.838337924177429,0.85193099998256,0.866001405450497,0.833389875915874,0.869145183909535,0.847473061894268,1,0.89163853126187,0.846926255959208,0.839156677504991,0.862894743810729,0.868919118639799,0.878704143166343,0.837634332684218,0.86988552684038,0.847476355922113,0.855429970595894,0.850736510205245
"REV_INS_2",0.862971911823879,0.906050491172032,0.885891924513413,0.888797492203432,0.889292826219055,0.883363466919375,0.882507793587294,0.859684643672802,0.879429159387727,0.868518833748329,0.89239245442026,0.852445052684438,0.875615993054252,0.918463694169071,0.906199451286207,0.891498600737152,0.850668588355625,0.903904563744743,0.894704648266755,0.864216370438571,0.884582931917694,0.889129010930372,0.892145837056805,0.878668974149481,0.84189332447521,0.910049497154939,0.897668443847732,0.887645516421679,0.888455095105132,0.891358287806643,0.886228414983018,0.839081793112101,0.847786905091925,0.899595039791979,0.874256091393741,0.856403607035551,0.88957779539708,0.906365838350034,0.89903213472542,0.893090241117915,0.873823224498803,0.903954423385766,0.81655648059493,0.805621175309906,0.860981152454376,0.861532156233539,0.832778481718782,0.88385131782247,0.910891589791623,0.923342494478776,0.91100175814261,0.900326070727307,0.857044555719546,0.87594987960238,0.847469177272649,0.830132003893451,0.870727649311096,0.860667990872469,0.873917423248607,0.867921298765067,0.89163853126187,1,0.883668785956896,0.876023960411016,0.865982729197676,0.86135342193556,0.884534387948961,0.831526534951657,0.898585079189581,0.882115453075572,0.897789080805872,0.892808475843126
"REV_INS_3",0.812851880196246,0.862430224705007,0.90476998576419,0.905769542958169,0.874348012691997,0.895453496602073,0.907265341856601,0.862015732050024,0.873381834260744,0.883933903514894,0.866221234057201,0.885826225962265,0.818164136691516,0.879020670702699,0.897779629434482,0.904620897042064,0.873433408707062,0.866435606470899,0.883168919591564,0.869572544213788,0.87743123765195,0.905154218563055,0.87891042011227,0.884427457773868,0.79854772244986,0.861355280856233,0.896278230805323,0.907632419225923,0.859024728851074,0.875814525596787,0.893550206644777,0.844611590847453,0.854631578677829,0.877378447077068,0.863878480071133,0.887352229471573,0.825420520281451,0.839655438044998,0.917607538875396,0.90321971405582,0.853920168651824,0.896950770148208,0.847429388698869,0.819761360166206,0.858868917171452,0.858825031661811,0.817540808970655,0.877627362311156,0.840987659804161,0.847141432679416,0.901803668739415,0.905113661893601,0.833735570056288,0.896700806313266,0.88456168661876,0.836373314944312,0.868630818618564,0.891486283877451,0.855832877655248,0.880604611559128,0.846926255959208,0.883668785956896,1,0.921470868399774,0.880952352771523,0.843573079704028,0.896469566280339,0.822682761458366,0.900541722289828,0.906687343164578,0.889398325476496,0.9070757539736
"REV_INS_4",0.806251640410667,0.853371886164415,0.891453887300304,0.90608468408427,0.861080187927522,0.873326423520253,0.902642865510599,0.847881522897264,0.86308034992654,0.87536819022695,0.86136294097972,0.87840770997265,0.806028606573893,0.87730422148481,0.906008008914149,0.916228298697645,0.839800325602093,0.86709156310603,0.881273678993662,0.860686423909728,0.871724710683866,0.894951225959519,0.873050459801723,0.883334026988138,0.779044969162946,0.851923701725314,0.889571961125478,0.905198614138791,0.848005677186286,0.880238220185025,0.896427726443402,0.834710829738716,0.850760518305438,0.885669283929797,0.851850540449905,0.869172833143752,0.819365151116565,0.840138882412913,0.909087042853121,0.914436312093287,0.865036982133515,0.897202459561402,0.838921483073797,0.803962220431014,0.860435482726179,0.861113855593947,0.809894687106655,0.879451733716428,0.841422496651453,0.844868116497726,0.907087688624641,0.917733614679905,0.830180195241773,0.887072105458784,0.872078484286225,0.827521371684141,0.853103762500626,0.875062143650413,0.860067464328133,0.87809827039138,0.839156677504991,0.876023960411016,0.921470868399774,1,0.868880374506323,0.831287699219252,0.884895348674069,0.814612036990466,0.886860982221983,0.900857847632934,0.880766932240158,0.889937003454241
"REV_INS_5",0.81324474564842,0.846487704862794,0.85784344648974,0.848932809340746,0.854661933414607,0.883835150391377,0.880843770929215,0.855099220352717,0.863419397230658,0.857558878465059,0.852377875870465,0.856695583489022,0.820755846854154,0.871417977936924,0.871490463212423,0.8655586998595,0.868648028812128,0.884262307156952,0.857855808004427,0.855414478963368,0.86734286076075,0.866917328180268,0.875404167338498,0.890404214108958,0.795520982290754,0.844940950983185,0.866143568814942,0.858539024133554,0.850514180999637,0.872520546562624,0.878271677023745,0.905742388683812,0.90611812058577,0.889900201851814,0.883389944228745,0.891206981256344,0.855617788632323,0.87585653522537,0.85655088480254,0.854461821354211,0.883431336481328,0.900091607432428,0.8878478191959,0.875896863647712,0.910438627570719,0.89147150322191,0.870539556097511,0.884801386490143,0.851725682474803,0.859774184307032,0.887154957527558,0.882678908464558,0.861455383251443,0.901620273319226,0.889890100219204,0.895383491800721,0.899367033685342,0.874745334193059,0.892984246837499,0.904936890386176,0.862894743810729,0.865982729197676,0.880952352771523,0.868880374506323,1,0.857258296076925,0.914736799783459,0.8686266326484,0.895578097680528,0.889638648250295,0.886173934780294,0.883992466861067
"REV_INS_6",0.84479943574099,0.827538706956586,0.830721245192236,0.81568370721304,0.863159189573914,0.852332746898749,0.847532746342988,0.863565125138395,0.837295231198042,0.833942275124516,0.87662141157924,0.806549419230793,0.852904198990496,0.852827345832355,0.842144107651019,0.830910358534531,0.852787981340116,0.843431084711834,0.827419504196816,0.879653207499944,0.846295948224525,0.851031816670582,0.86138502386457,0.842433057760322,0.828653171113807,0.82504960739876,0.838631014587826,0.828025578554555,0.872190170092191,0.836555889993983,0.837422379649384,0.855120448753739,0.840628984361367,0.85689781569296,0.871245172441467,0.836774274484383,0.858095101429456,0.856609526109094,0.841302634471769,0.821140077374123,0.870433349135346,0.840633457172094,0.811437854146454,0.836492355248645,0.855809333936436,0.838151857947829,0.867857479287935,0.848098632700053,0.855575116457202,0.864175720373889,0.855171540284881,0.835224530236738,0.885504802434733,0.858007397416543,0.829125132277311,0.855659801096254,0.858539085574488,0.826925866994806,0.871172389659282,0.852235796829731,0.868919118639799,0.86135342193556,0.843573079704028,0.831287699219252,0.857258296076925,1,0.860738167959022,0.895568781261845,0.857066250750161,0.853579852626476,0.862718371459236,0.851657676194767
"REV_INS_7",0.825301154726691,0.872022777669977,0.86997988369248,0.876677437546644,0.867282135219305,0.881794145887203,0.907645238054416,0.860174434209266,0.867541523859962,0.880497875363692,0.866466992241352,0.866659361813542,0.838886825248528,0.892689504610057,0.896114939574553,0.893448842836499,0.884095061734972,0.879294760819919,0.870343579802444,0.86013295611146,0.870562895939676,0.894427735345267,0.874410956593882,0.891337041572583,0.826419946568382,0.860084025199274,0.885878976742854,0.884260048042335,0.858606238525086,0.885457142743039,0.897422657799094,0.896589504308479,0.896010043794094,0.901149133731455,0.868782469234669,0.899765696490347,0.867760685325013,0.88627446119443,0.881922312120641,0.880425672726364,0.883113655746167,0.895346588412815,0.901134602429991,0.871560077213272,0.904102145955577,0.898981404064674,0.875840491529908,0.874361975819411,0.862986136397976,0.869358641387959,0.908909213366436,0.889407781561696,0.874084201040297,0.88915145162626,0.911358230250036,0.886078945417578,0.892977278806617,0.881365533534972,0.875491416361728,0.904440241299967,0.878704143166343,0.884534387948961,0.896469566280339,0.884895348674069,0.914736799783459,0.860738167959022,1,0.864174572839338,0.899540127590425,0.908563725045451,0.876892884118017,0.898784924889192
"REV_INS_8",0.789100594571651,0.801741564870266,0.794749322283484,0.793448533568388,0.832537152062461,0.835678793483395,0.818171296342514,0.8487693376377,0.821054106289436,0.812586634299303,0.844485801251015,0.786747604867004,0.821126771385777,0.825444917943806,0.807858314238356,0.816053194080356,0.841542724232632,0.84047351439158,0.810776909208238,0.862305868075321,0.840950281183236,0.82982533447401,0.85778156261202,0.843958467637268,0.779294472700271,0.798583528921972,0.814099527869314,0.810878505083648,0.847402216880993,0.834982681250937,0.820550102146624,0.868639019893406,0.858996563729019,0.844191951433124,0.860660972887855,0.835448625351397,0.829729456363479,0.835271643497606,0.805983126687937,0.798653298012808,0.864354618289918,0.841625916940699,0.820898351246119,0.849859488170474,0.867600646536465,0.846332806309462,0.877793249287964,0.838262103323591,0.824543111182389,0.841177131577492,0.840127666384482,0.814867358630197,0.88479820100666,0.854374702010592,0.836171929016307,0.872756756358276,0.867819478174573,0.820853071390428,0.868360857905736,0.857284159588053,0.837634332684218,0.831526534951657,0.822682761458366,0.814612036990466,0.8686266326484,0.895568781261845,0.864174572839338,1,0.847542560790026,0.853955662408773,0.845890331346628,0.834815526253332
"REV_INS_9",0.846552950408462,0.879497072647029,0.886502417596917,0.886511205448381,0.884616341262138,0.885246674361773,0.905339098737202,0.888273295543069,0.896151949309755,0.895564382308916,0.881048186026044,0.883632659380285,0.838960626332725,0.893965008908538,0.898022427364789,0.889636858445526,0.876221757406515,0.886850362080216,0.878534878740333,0.883971546763198,0.905434405029506,0.911283862637411,0.894579684782836,0.886998478091623,0.813587862688668,0.862462086614842,0.886241483466478,0.880210887454542,0.869158828237437,0.87864622876507,0.898950601194875,0.865028512422245,0.894058818206332,0.907920276229398,0.889735394842105,0.896136166386212,0.863314005286893,0.86310816846689,0.89127911115304,0.882336737253219,0.869775082047298,0.896208966946458,0.868065292474517,0.851574043952897,0.892581545373226,0.887080998191241,0.842241323934177,0.882991466843781,0.870382508584571,0.882008343657503,0.901629806442255,0.891505950265048,0.859051449883493,0.898502213952287,0.88960110453337,0.874043451160171,0.896895606340307,0.900639991856617,0.876165158557641,0.888699755028475,0.86988552684038,0.898585079189581,0.900541722289828,0.886860982221983,0.895578097680528,0.857066250750161,0.899540127590425,0.847542560790026,1,0.909980877434912,0.901023728426946,0.904788759468522
"REV_INS_10",0.813484029270059,0.875454532182539,0.88444229206839,0.878766846852013,0.881092977568856,0.890905107191904,0.914455739362002,0.887577543713333,0.884169869331267,0.903117937486733,0.885023297809655,0.887793571281504,0.82043588254336,0.887700045713976,0.89098524756091,0.89059338136341,0.859197721977735,0.874587509044871,0.879101182643036,0.873176113132245,0.888118251810804,0.910714980112397,0.890512183625341,0.895512525893245,0.786456808475619,0.854849732440706,0.887995416416173,0.880819701399208,0.871373201289183,0.88169601645888,0.901042848898713,0.871680637963007,0.87771490626369,0.89845450436547,0.873354037025109,0.886699157501509,0.828013495913737,0.844774390034513,0.890229573700742,0.883404157564645,0.870165377445107,0.898724501915163,0.858913338774604,0.842475462997462,0.877166495179529,0.879050351406259,0.842125169522029,0.891745348455953,0.852182348826609,0.858490262611544,0.901077567545356,0.88829664029226,0.858635340380332,0.901329254063035,0.890754889966329,0.857399549326916,0.887398189810124,0.910784250953518,0.874793359498843,0.900233755549893,0.847476355922113,0.882115453075572,0.906687343164578,0.900857847632934,0.889638648250295,0.853579852626476,0.908563725045451,0.853955662408773,0.909980877434912,1,0.887139015000874,0.903654384186229
"REV_INS_11",0.829562193904624,0.860861811764414,0.881394075003444,0.87167829749923,0.868279707186071,0.88348897327628,0.895022939060275,0.867736281645308,0.881918105339767,0.87847921724347,0.879018769117366,0.863108124169235,0.820286788477218,0.875459404984729,0.882594970201251,0.87149699749523,0.860472152811947,0.874569382934732,0.865734205682351,0.879565002410981,0.877972376692528,0.894472450019774,0.894559820811948,0.887705454917536,0.80876292493027,0.851648455050066,0.876637718138089,0.871338557494627,0.874739490257499,0.869969601329953,0.891651262937995,0.848002171873665,0.858264789470177,0.887049083254172,0.884771070678729,0.88852174924289,0.840636425173786,0.854804771499179,0.889993103601856,0.870023239155628,0.867686443797504,0.882944540189508,0.839886887694667,0.830649648120117,0.869909110737617,0.86634528216114,0.845922853871019,0.894237513910544,0.865879836222225,0.870342707730937,0.885683212231943,0.889700928497039,0.855515981348164,0.891633217792144,0.8704594359881,0.852496368489622,0.888948514142346,0.881210162248144,0.880496560675849,0.87724033194633,0.855429970595894,0.897789080805872,0.889398325476496,0.880766932240158,0.886173934780294,0.862718371459236,0.876892884118017,0.845890331346628,0.901023728426946,0.887139015000874,1,0.90351577130748
"REV_INS_12",0.827428874457064,0.867465821883964,0.884397241010348,0.88293068401458,0.861465623184276,0.885651018462125,0.891285741990406,0.87233913678787,0.870063031991588,0.881312278124539,0.870366990062774,0.886192767907771,0.81972691375442,0.880372658142479,0.886594003803141,0.89450232455516,0.870119593122006,0.867310903779044,0.881773237721884,0.875317338316544,0.876879834034267,0.896572191535464,0.894189432611438,0.89672625299547,0.801270757498119,0.850732554930255,0.87715663930797,0.887207944487357,0.853100587452952,0.870846268295202,0.906857488511127,0.840055083379548,0.860034394666303,0.889873609197445,0.873454079899906,0.899430391844815,0.829868802334699,0.840901847531232,0.90100047206929,0.890223048429341,0.844992420176376,0.885820533205745,0.843978418758783,0.825094824208938,0.866930565929465,0.872156333967925,0.827460278029247,0.899288626203309,0.85271446718468,0.860323954161678,0.890848719419095,0.902126967809507,0.835250438751272,0.894937244349044,0.887080965223116,0.839372000030175,0.877582668861865,0.894591301175969,0.862256006416286,0.89285461511724,0.850736510205245,0.892808475843126,0.9070757539736,0.889937003454241,0.883992466861067,0.851657676194767,0.898784924889192,0.834815526253332,0.904788759468522,0.903654384186229,0.90351577130748,1
